시간,데이터유형,옵션코드,옵션체결시간,옵션현재가,옵션거래량,옵션이론가,옵션IV,옵션델타,옵션감마,옵션세타,옵션베가,옵션로,옵션미결제약정,옵션매도호가1,옵션매도잔량1,옵션매도호가2,옵션매도잔량2,옵션매도호가3,옵션매도잔량3,옵션매도호가4,옵션매도잔량4,옵션매도호가5,옵션매도잔량5,옵션매수호가1,옵션매수잔량1,옵션매수호가2,옵션매수잔량2,옵션매수호가3,옵션매수잔량3,옵션매수호가4,옵션매수잔량4,옵션매수호가5,옵션매수잔량5,옵션총매도잔량,옵션총매수잔량,지수코드,지수체결시간,지수현재가,지수전일대비,지수등락률,지수거래량,지수시가
2026-03-17 14:15:19,스냅샷,B0164850,,,,40.71,52.8756,0.3958,0.8671,0.8629,0.2687,,1015,,,,,,,,,,,,,,,,,,,,,,,201,141520,851.94,25.11,3.04,1,853.40
2026-03-17 14:15:20,스냅샷,B0164850,,,,40.71,52.8756,0.3958,0.8671,0.8629,0.2687,,1015,39.30,5,39.55,5,39.75,7,40.10,2,40.20,6,39.05,1,39.00,1,38.55,2,38.40,3,37.35,1,37,35,201,141521,851.94,25.11,3.04,2,853.40
2026-03-17 14:15:21,스냅샷,B0164850,,,,40.71,52.8756,0.3958,0.8671,0.8629,0.2687,,1015,39.30,5,39.55,5,39.75,7,40.10,2,40.20,6,39.10,1,39.05,1,38.55,2,38.40,3,37.35,1,37,35,201,141522,851.94,25.11,3.04,2,853.40
2026-03-17 14:15:22,스냅샷,B0164850,,,,40.72,52.8875,0.3958,0.8671,0.8629,0.2688,,1015,39.30,5,39.55,5,39.75,7,40.10,2,40.20,6,39.10,1,39.05,1,38.55,2,38.40,3,37.35,1,37,35,201,141523,851.97,25.14,3.04,2,853.40
2026-03-17 14:15:23,스냅샷,B0164850,,,,40.74,52.9033,0.3958,0.8671,0.8629,0.2689,,1015,39.30,5,39.55,5,39.75,7,40.10,2,40.20,6,38.55,2,38.40,3,37.35,1,36.50,2,36.20,1,37,33,201,141524,852.01,25.18,3.05,4,853.40
2026-03-17 14:15:24,스냅샷,B0164850,,,,40.89,53.0101,0.3956,0.8672,0.8631,0.2695,,1015,39.30,5,39.55,5,39.75,7,40.10,2,40.20,6,39.00,1,38.95,1,38.60,3,38.40,2,37.35,1,37,35,201,141525,852.28,25.45,3.08,30,853.40
2026-03-17 14:15:25,스냅샷,B0164850,,,,40.88,53.0022,0.3956,0.8672,0.8631,0.2694,,1015,39.30,5,39.55,5,39.75,7,40.10,2,40.20,6,39.05,1,39.00,1,38.60,3,38.40,2,37.35,1,37,35,201,141526,852.26,25.43,3.08,8,853.40
2026-03-17 14:15:26,스냅샷,B0164850,,,,40.95,53.0576,0.3955,0.8673,0.8632,0.2697,,1015,39.30,5,39.55,5,39.75,7,40.10,2,40.20,6,39.05,1,39.00,1,38.60,3,38.40,2,37.35,1,37,35,201,141527,852.40,25.57,3.09,6,853.40
2026-03-17 14:15:27,스냅샷,B0164850,,,,40.85,52.9824,0.3956,0.8672,0.8630,0.2693,,1015,39.30,5,39.55,5,39.75,7,40.10,2,40.20,6,39.05,1,39.00,1,38.60,3,38.40,2,37.35,1,37,35,201,141528,852.21,25.38,3.07,4,853.40
2026-03-17 14:15:28,스냅샷,B0164850,,,,40.93,53.0418,0.3955,0.8673,0.8631,0.2696,,1015,39.30,5,39.55,5,39.75,7,40.10,2,40.20,6,39.10,1,39.05,1,38.60,3,38.40,2,37.35,1,37,35,201,141529,852.36,25.53,3.09,3,853.40
2026-03-17 14:15:29,스냅샷,B0164850,141529,39.30,1,40.92,53.0378,0.3955,0.8673,0.8631,0.2696,,1015,39.30,4,39.55,5,39.75,7,40.10,2,40.20,6,39.15,1,39.10,1,38.60,3,38.40,2,37.35,1,36,35,201,141530,852.35,25.52,3.09,1,853.40
2026-03-17 14:15:30,스냅샷,B0164850,141529,39.30,1,40.95,53.0576,0.3955,0.8673,0.8632,0.2697,,1015,39.30,4,39.55,5,39.75,7,40.10,2,40.20,6,39.10,1,38.60,3,38.40,2,37.35,1,36.50,2,36,34,201,141531,852.40,25.57,3.09,4,853.40
2026-03-17 14:15:31,스냅샷,B0164850,141529,39.30,1,40.95,53.0576,0.3955,0.8673,0.8632,0.2697,,1015,39.30,4,39.55,5,39.75,7,40.10,2,40.20,6,39.15,1,39.10,1,38.60,3,38.40,2,37.35,1,36,35,201,141532,852.40,25.57,3.09,2,853.40
2026-03-17 14:15:32,스냅샷,B0164850,141529,39.30,1,40.94,53.0536,0.3955,0.8673,0.8632,0.2697,,1015,39.30,4,39.55,5,39.75,7,40.10,2,40.20,6,39.15,1,39.10,1,38.60,3,38.40,2,37.35,1,36,35,201,141533,852.39,25.56,3.09,4,853.40
2026-03-17 14:15:33,스냅샷,B0164850,141533,39.30,1,40.94,53.0497,0.3955,0.8673,0.8631,0.2697,,1015,39.30,3,39.55,5,39.75,7,40.10,2,40.20,6,39.20,1,39.15,1,38.60,3,38.40,2,37.35,1,35,35,201,141534,852.38,25.55,3.09,3,853.40
2026-03-17 14:15:34,스냅샷,B0164850,141535,39.30,2,40.86,52.9943,0.3956,0.8672,0.8631,0.2694,,1015,39.30,2,39.55,5,39.75,7,40.10,2,40.20,6,39.20,1,39.15,1,38.60,3,38.40,2,37.35,1,34,35,201,141535,852.24,25.41,3.07,5,853.40
2026-03-17 14:15:35,스냅샷,B0164850,141535,39.30,2,40.97,53.0734,0.3954,0.8673,0.8632,0.2698,,1015,39.50,1,39.55,5,39.95,2,40.00,2,40.10,2,39.25,1,39.20,1,39.15,1,38.60,3,38.40,2,30,36,201,141536,852.44,25.61,3.10,3,853.40
2026-03-17 14:15:36,스냅샷,B0164850,141535,39.30,2,40.98,53.0774,0.3954,0.8673,0.8632,0.2698,,1015,39.50,1,39.55,5,39.95,2,40.00,2,40.10,2,39.25,2,39.20,1,38.60,3,38.40,2,37.35,1,30,36,201,141537,852.45,25.62,3.10,3,853.40
2026-03-17 14:15:37,스냅샷,B0164850,141535,39.30,2,40.94,53.0536,0.3955,0.8673,0.8632,0.2697,,1015,39.50,1,39.55,5,39.95,2,40.00,2,40.10,2,39.25,2,39.20,1,38.60,3,38.40,2,37.35,1,30,36,201,141538,852.39,25.56,3.09,3,853.40
2026-03-17 14:15:38,스냅샷,B0164850,141535,39.30,2,40.83,52.9666,0.3957,0.8672,0.8630,0.2692,,1015,39.55,5,40.00,4,40.10,2,40.20,6,40.70,5,39.25,2,39.20,1,38.60,3,38.40,2,37.35,1,29,36,201,141539,852.17,25.34,3.06,4,853.40
2026-03-17 14:15:39,스냅샷,B0164850,141535,39.30,2,40.95,53.0576,0.3955,0.8673,0.8632,0.2697,,1015,39.55,6,40.10,2,40.20,6,40.70,5,41.30,1,39.25,2,39.20,1,38.60,3,38.40,2,37.35,1,26,36,201,141540,852.40,25.57,3.09,2,853.40
2026-03-17 14:15:40,스냅샷,B0164850,141535,39.30,2,40.87,52.9983,0.3956,0.8672,0.8631,0.2694,,1015,39.50,1,39.55,6,39.95,4,40.10,2,40.20,6,39.20,1,38.60,3,38.40,2,37.35,1,36.50,2,31,34,201,141541,852.25,25.42,3.07,4,853.40
2026-03-17 14:15:41,스냅샷,B0164850,141535,39.30,2,40.97,53.0734,0.3954,0.8673,0.8632,0.2698,,1015,39.50,1,39.55,6,39.95,4,40.10,2,40.20,6,39.25,1,39.20,1,38.60,3,38.40,2,37.35,1,31,35,201,141542,852.44,25.61,3.10,2,853.40
2026-03-17 14:15:42,스냅샷,B0164850,141535,39.30,2,40.97,53.0695,0.3955,0.8673,0.8632,0.2698,,1015,39.50,1,39.55,6,39.95,4,40.10,2,40.20,6,39.25,1,39.20,1,38.60,3,38.40,2,37.35,1,31,35,201,141543,852.43,25.60,3.10,2,853.40
2026-03-17 14:15:43,스냅샷,B0164850,141535,39.30,2,40.94,53.0497,0.3955,0.8673,0.8631,0.2697,,1015,39.45,1,39.50,1,39.55,5,39.95,4,40.10,2,39.15,1,38.60,3,37.35,1,36.50,2,36.20,1,31,32,201,141544,852.38,25.55,3.09,3,853.40
2026-03-17 14:15:44,스냅샷,B0164850,141535,39.30,2,40.86,52.9943,0.3956,0.8672,0.8631,0.2694,,1015,39.45,1,39.50,1,39.55,5,39.95,4,40.10,2,39.15,1,38.60,3,37.35,1,36.50,2,36.20,1,31,32,201,141545,852.24,25.41,3.07,3,853.40
2026-03-17 14:15:45,스냅샷,B0164850,141535,39.30,2,40.89,53.0101,0.3956,0.8672,0.8631,0.2695,,1015,39.40,1,39.45,1,39.55,5,39.95,4,40.10,2,39.15,1,38.60,3,37.35,1,36.50,2,36.20,1,31,32,201,141546,852.28,25.45,3.08,2,853.40
2026-03-17 14:15:46,스냅샷,B0164850,141535,39.30,2,40.90,53.0180,0.3956,0.8672,0.8631,0.2695,,1015,39.40,1,39.45,1,39.55,5,39.95,4,40.10,2,39.15,1,38.60,3,37.35,1,36.50,2,36.20,1,31,32,201,141547,852.30,25.47,3.08,2,853.40
2026-03-17 14:15:47,스냅샷,B0164850,141535,39.30,2,40.87,52.9983,0.3956,0.8672,0.8631,0.2694,,1015,39.50,1,39.55,5,40.00,4,40.10,2,40.20,6,39.20,1,39.15,1,38.75,2,38.60,3,37.35,1,30,35,201,141548,852.25,25.42,3.07,3,853.40
2026-03-17 14:15:48,스냅샷,B0164850,141535,39.30,2,40.97,53.0734,0.3954,0.8673,0.8632,0.2698,,1015,39.50,1,39.55,5,40.00,4,40.10,2,40.20,6,39.20,1,39.15,1,38.75,2,38.60,3,37.35,1,30,35,201,141549,852.44,25.61,3.10,3,853.40
2026-03-17 14:15:49,스냅샷,B0164850,141535,39.30,2,40.89,53.0141,0.3956,0.8672,0.8631,0.2695,,1015,39.40,1,39.55,6,39.85,4,40.10,2,40.20,5,39.20,1,39.15,1,38.75,2,38.60,3,37.35,1,30,35,201,141550,852.29,25.46,3.08,6,853.40
2026-03-17 14:15:50,스냅샷,B0164850,141535,39.30,2,40.81,52.9547,0.3957,0.8672,0.8630,0.2691,,1015,39.40,1,39.55,6,39.85,4,40.10,2,40.20,5,39.20,1,39.15,1,38.75,2,38.60,3,37.35,1,30,35,201,141551,852.14,25.31,3.06,5,853.40
2026-03-17 14:15:51,스냅샷,B0164850,141535,39.30,2,40.82,52.9587,0.3957,0.8672,0.8630,0.2692,,1015,39.40,1,39.55,6,39.85,4,40.10,2,40.20,5,39.20,1,39.15,1,38.75,2,38.60,3,37.35,1,30,35,201,141552,852.15,25.32,3.06,3,853.40
2026-03-17 14:15:52,스냅샷,B0164850,141535,39.30,2,40.80,52.9429,0.3957,0.8672,0.8630,0.2691,,1015,39.40,1,39.55,6,39.85,4,40.10,2,40.20,5,39.20,1,39.15,1,38.75,2,38.60,3,37.35,1,30,35,201,141553,852.11,25.28,3.06,4,853.40
2026-03-17 14:15:53,스냅샷,B0164850,141535,39.30,2,40.88,53.0022,0.3956,0.8672,0.8631,0.2694,,1015,39.40,1,39.55,6,39.85,4,40.10,2,40.20,5,39.20,1,39.15,1,38.75,2,38.60,3,37.35,1,30,35,201,141554,852.26,25.43,3.08,3,853.40
2026-03-17 14:15:54,스냅샷,B0164850,141535,39.30,2,40.88,53.0062,0.3956,0.8672,0.8631,0.2694,,1015,39.40,1,39.55,6,39.85,4,40.10,2,40.20,5,39.20,1,39.15,1,38.75,2,38.60,3,37.35,1,30,35,201,141555,852.27,25.44,3.08,7,853.40
2026-03-17 14:15:55,스냅샷,B0164850,141535,39.30,2,40.85,52.9824,0.3956,0.8672,0.8630,0.2693,,1015,39.40,1,39.55,6,39.85,4,40.10,2,40.20,5,39.20,1,39.15,1,38.75,2,38.60,3,37.35,1,30,35,201,141556,852.21,25.38,3.07,2,853.40
2026-03-17 14:15:56,스냅샷,B0164850,141535,39.30,2,40.84,52.9785,0.3956,0.8672,0.8630,0.2693,,1015,39.40,1,39.55,6,39.85,4,40.10,2,40.20,5,39.20,1,39.15,1,38.75,2,38.60,3,37.35,1,30,35,201,141557,852.20,25.37,3.07,3,853.40
2026-03-17 14:15:57,스냅샷,B0164850,141535,39.30,2,40.90,53.0180,0.3956,0.8672,0.8631,0.2695,,1015,39.40,1,39.55,6,39.85,4,40.10,2,40.20,5,39.20,1,39.15,1,38.75,2,38.60,3,37.35,1,30,35,201,141558,852.30,25.47,3.08,3,853.40
2026-03-17 14:15:58,스냅샷,B0164850,141535,39.30,2,40.88,53.0062,0.3956,0.8672,0.8631,0.2694,,1015,39.40,1,39.55,6,39.85,4,40.10,2,40.20,5,39.20,1,39.15,1,38.75,2,38.60,3,37.35,1,30,35,201,141559,852.27,25.44,3.08,3,853.40
2026-03-17 14:15:59,스냅샷,B0164850,141535,39.30,2,40.96,53.0655,0.3955,0.8673,0.8632,0.2698,,1015,39.40,1,39.55,6,39.85,4,40.10,2,40.20,5,39.15,1,38.60,3,37.35,1,36.50,2,36.20,1,30,32,201,141600,852.42,25.59,3.09,5,853.40
2026-03-17 14:16:00,스냅샷,B0164850,141535,39.30,2,40.93,53.0457,0.3955,0.8673,0.8631,0.2697,,1015,39.40,1,39.55,6,39.85,4,39.90,5,40.10,2,39.15,1,38.60,3,37.35,1,36.50,2,36.20,1,30,32,201,141601,852.37,25.54,3.09,2,853.40
2026-03-17 14:16:01,스냅샷,B0164850,141535,39.30,2,40.99,53.0892,0.3954,0.8673,0.8632,0.2699,,1015,39.40,1,39.55,6,39.85,4,39.90,5,40.10,2,39.20,1,39.15,1,38.75,2,38.60,3,37.35,1,30,35,201,141602,852.48,25.65,3.10,3,853.40
2026-03-17 14:16:02,스냅샷,B0164850,141535,39.30,2,41.00,53.0932,0.3954,0.8673,0.8632,0.2699,,1015,39.40,1,39.55,6,39.85,4,39.90,5,40.10,2,39.15,1,38.60,3,37.35,1,36.50,2,36.20,1,30,32,201,141603,852.49,25.66,3.10,3,853.40
2026-03-17 14:16:03,스냅샷,B0164850,141535,39.30,2,41.01,53.1011,0.3954,0.8673,0.8632,0.2700,,1015,39.40,1,39.55,6,39.85,4,39.90,5,40.10,2,39.20,1,39.15,1,38.75,2,38.60,3,37.35,1,30,35,201,141604,852.51,25.68,3.11,3,853.40
2026-03-17 14:16:04,스냅샷,B0164850,141535,39.30,2,40.93,53.0418,0.3955,0.8673,0.8631,0.2696,,1015,39.40,1,39.55,6,39.85,4,39.90,5,40.10,2,39.20,1,39.15,1,38.75,2,38.60,3,37.35,1,30,35,201,141605,852.36,25.53,3.09,4,853.40
2026-03-17 14:16:05,스냅샷,B0164850,141535,39.30,2,40.89,53.0101,0.3956,0.8672,0.8631,0.2695,,1015,39.40,1,39.55,6,39.85,4,39.90,5,40.10,2,39.20,1,39.15,1,38.75,2,38.60,3,37.35,1,30,35,201,141606,852.28,25.45,3.08,1,853.40
2026-03-17 14:16:06,스냅샷,B0164850,141535,39.30,2,40.89,53.0141,0.3956,0.8672,0.8631,0.2695,,1015,39.40,1,39.55,6,39.85,4,39.90,5,40.10,2,39.20,1,39.15,1,38.75,2,38.60,3,37.35,1,30,35,201,141607,852.29,25.46,3.08,1,853.40
2026-03-17 14:16:07,스냅샷,B0164850,141535,39.30,2,40.98,53.0774,0.3954,0.8673,0.8632,0.2698,,1015,39.40,1,39.55,6,39.85,4,39.90,5,40.10,2,39.20,1,39.15,1,38.75,2,38.60,3,37.35,1,30,35,201,141608,852.45,25.62,3.10,3,853.40
2026-03-17 14:16:08,스냅샷,B0164850,141535,39.30,2,40.94,53.0497,0.3955,0.8673,0.8631,0.2697,,1015,39.40,1,39.55,6,39.85,4,39.90,5,40.10,2,39.20,1,39.15,1,38.75,2,38.60,3,37.35,1,30,35,201,141609,852.38,25.55,3.09,3,853.40
2026-03-17 14:16:10,스냅샷,B0164850,141535,39.30,2,41.01,53.1050,0.3954,0.8673,0.8632,0.2700,,1015,39.40,1,39.55,6,39.85,4,39.90,5,40.10,2,39.20,1,39.15,1,38.75,2,38.60,3,37.35,1,30,35,201,141610,852.52,25.69,3.11,6,853.40
2026-03-17 14:16:11,스냅샷,B0164850,141535,39.30,2,40.99,53.0853,0.3954,0.8673,0.8632,0.2699,,1015,39.40,1,39.55,6,39.85,4,39.90,5,40.10,2,39.25,1,39.20,1,38.75,2,38.60,3,37.35,1,30,35,201,141611,852.47,25.64,3.10,1,853.40
2026-03-17 14:16:12,스냅샷,B0164850,141535,39.30,2,40.90,53.0220,0.3955,0.8672,0.8631,0.2695,,1015,39.40,1,39.55,6,39.85,4,39.90,5,40.10,2,39.25,1,39.20,1,38.75,2,38.60,3,37.35,1,30,35,201,141612,852.31,25.48,3.08,4,853.40
2026-03-17 14:16:13,스냅샷,B0164850,141535,39.30,2,40.91,53.0260,0.3955,0.8673,0.8631,0.2695,,1015,39.40,1,39.55,6,39.85,4,39.90,5,40.10,2,39.25,1,39.20,1,38.75,2,38.60,3,37.35,1,30,35,201,141613,852.32,25.49,3.08,3,853.40
2026-03-17 14:16:13,스냅샷,B0164850,141535,39.30,2,40.90,53.0180,0.3956,0.8672,0.8631,0.2695,,1015,39.40,1,39.55,6,39.85,4,39.90,5,40.10,2,39.25,1,39.20,1,38.75,2,38.60,3,37.35,1,30,35,201,141614,852.30,25.47,3.08,6,853.40
2026-03-17 14:16:14,스냅샷,B0164850,141535,39.30,2,41.00,53.0932,0.3954,0.8673,0.8632,0.2699,,1015,39.40,1,39.55,6,39.85,4,39.90,5,40.10,2,39.25,1,39.20,1,38.75,2,38.60,3,37.35,1,30,35,201,141615,852.49,25.66,3.10,5,853.40
2026-03-17 14:16:16,스냅샷,B0164850,141535,39.30,2,41.00,53.0932,0.3954,0.8673,0.8632,0.2699,,1015,39.40,1,39.55,6,39.85,4,39.90,5,40.10,2,39.25,1,39.20,1,38.75,2,38.60,3,37.35,1,30,35,201,141616,852.49,25.66,3.10,1,853.40
2026-03-17 14:16:17,스냅샷,B0164850,141535,39.30,2,40.98,53.0813,0.3954,0.8673,0.8632,0.2698,,1015,39.40,1,39.55,6,39.85,4,39.90,5,40.10,2,39.30,1,39.25,1,38.75,2,38.60,3,37.35,1,30,35,201,141617,852.46,25.63,3.10,2,853.40
2026-03-17 14:16:18,스냅샷,B0164850,141535,39.30,2,40.86,52.9943,0.3956,0.8672,0.8631,0.2694,,1015,39.40,1,39.55,6,39.85,4,39.90,5,40.10,2,39.30,1,39.25,1,38.75,2,38.60,3,37.35,1,30,35,201,141618,852.24,25.41,3.07,8,853.40
2026-03-17 14:16:19,스냅샷,B0164850,141535,39.30,2,40.89,53.0101,0.3956,0.8672,0.8631,0.2695,,1015,39.40,1,39.55,6,39.85,4,39.90,5,40.10,2,39.25,1,38.60,3,37.35,1,36.50,2,36.20,1,30,32,201,141619,852.28,25.45,3.08,3,853.40
2026-03-17 14:16:20,스냅샷,B0164850,141535,39.30,2,40.86,52.9903,0.3956,0.8672,0.8631,0.2693,,1015,39.40,1,39.55,6,39.85,4,39.90,5,40.10,2,39.25,1,38.60,3,37.35,1,36.50,2,36.20,1,30,32,201,141620,852.23,25.40,3.07,2,853.40
2026-03-17 14:16:21,스냅샷,B0164850,141535,39.30,2,40.96,53.0655,0.3955,0.8673,0.8632,0.2698,,1015,39.40,1,39.55,6,39.85,4,39.90,5,40.10,2,39.25,1,38.60,3,37.35,1,36.50,2,36.20,1,30,32,201,141621,852.42,25.59,3.09,5,853.40
2026-03-17 14:16:22,스냅샷,B0164850,141535,39.30,2,40.96,53.0655,0.3955,0.8673,0.8632,0.2698,,1015,39.40,1,39.55,6,39.85,4,39.90,5,40.10,2,39.25,1,38.60,3,37.35,1,36.50,2,36.20,1,30,32,201,141622,852.42,25.59,3.09,2,853.40
2026-03-17 14:16:23,스냅샷,B0164850,141535,39.30,2,40.93,53.0418,0.3955,0.8673,0.8631,0.2696,,1015,39.40,1,39.55,6,39.85,4,39.90,5,40.10,2,39.25,1,38.60,3,37.35,1,36.50,2,36.20,1,30,32,201,141623,852.36,25.53,3.09,2,853.40
2026-03-17 14:16:24,스냅샷,B0164850,141535,39.30,2,40.92,53.0378,0.3955,0.8673,0.8631,0.2696,,1015,39.40,1,39.55,6,39.85,4,39.90,5,40.10,2,39.25,1,38.60,3,37.35,1,36.50,2,36.20,1,30,32,201,141624,852.35,25.52,3.09,2,853.40
2026-03-17 14:16:25,스냅샷,B0164850,141535,39.30,2,40.94,53.0536,0.3955,0.8673,0.8632,0.2697,,1015,39.40,1,39.55,6,39.85,4,39.90,5,40.10,2,39.25,1,38.60,3,37.35,1,36.50,2,36.20,1,30,32,201,141625,852.39,25.56,3.09,2,853.40
2026-03-17 14:16:26,스냅샷,B0164850,141535,39.30,2,41.00,53.0932,0.3954,0.8673,0.8632,0.2699,,1015,39.40,1,39.55,6,39.85,4,39.90,5,40.10,2,39.25,1,38.60,3,37.35,1,36.50,2,36.20,1,30,32,201,141626,852.49,25.66,3.10,3,853.40
2026-03-17 14:16:27,스냅샷,B0164850,141535,39.30,2,41.01,53.1011,0.3954,0.8673,0.8632,0.2700,,1015,39.40,1,39.55,6,39.85,4,39.90,5,40.10,2,39.25,1,38.60,3,37.35,1,36.50,2,36.20,1,30,32,201,141627,852.51,25.68,3.11,4,853.40
2026-03-17 14:16:28,스냅샷,B0164850,141628,39.40,1,40.93,53.0418,0.3955,0.8673,0.8631,0.2696,,1015,39.55,6,39.90,5,40.00,4,40.10,2,40.20,5,39.30,5,39.25,1,38.85,2,38.60,3,37.35,1,29,39,201,141628,852.36,25.53,3.09,16,853.40
2026-03-17 14:16:29,스냅샷,B0164850,141628,39.40,1,41.01,53.1011,0.3954,0.8673,0.8632,0.2700,,1015,39.50,1,39.55,6,39.90,5,40.00,4,40.10,2,39.25,1,38.60,3,37.35,1,36.50,2,36.20,1,30,32,201,141629,852.51,25.68,3.11,4,853.40
2026-03-17 14:16:30,스냅샷,B0164850,141628,39.40,1,40.97,53.0734,0.3954,0.8673,0.8632,0.2698,,1015,39.50,1,39.55,6,39.90,5,40.00,4,40.10,2,39.25,1,38.60,3,37.35,1,36.50,2,36.20,1,30,32,201,141630,852.44,25.61,3.10,3,853.40
2026-03-17 14:16:31,스냅샷,B0164850,141628,39.40,1,41.07,53.1485,0.3953,0.8674,0.8633,0.2702,,1015,39.50,1,39.55,6,39.90,5,40.00,4,40.10,2,39.25,1,38.60,3,37.35,1,36.50,2,36.20,1,30,32,201,141631,852.63,25.80,3.12,3,853.40
2026-03-17 14:16:32,스냅샷,B0164850,141628,39.40,1,41.12,53.1841,0.3952,0.8674,0.8633,0.2704,,1015,39.50,1,39.55,6,39.90,5,40.00,4,40.10,2,39.25,1,38.60,3,37.35,1,36.50,2,36.20,1,30,32,201,141632,852.72,25.89,3.13,1,853.40
2026-03-17 14:16:33,스냅샷,B0164850,141628,39.40,1,41.14,53.1999,0.3952,0.8674,0.8634,0.2705,,1015,39.55,6,39.90,5,40.00,4,40.10,2,40.20,5,39.25,1,38.60,3,37.35,1,36.50,2,36.20,1,29,32,201,141633,852.76,25.93,3.14,3,853.40
2026-03-17 14:16:34,스냅샷,B0164850,141628,39.40,1,41.16,53.2118,0.3952,0.8674,0.8634,0.2706,,1015,39.55,6,39.90,5,40.00,4,40.10,2,40.20,5,39.25,1,38.60,3,37.35,1,36.50,2,36.20,1,29,32,201,141634,852.79,25.96,3.14,3,853.40
2026-03-17 14:16:35,스냅샷,B0164850,141628,39.40,1,41.04,53.1248,0.3953,0.8673,0.8633,0.2701,,1015,39.55,6,39.90,5,40.00,4,40.10,2,40.20,5,39.25,1,38.60,3,37.35,1,36.50,2,36.20,1,29,32,201,141635,852.57,25.74,3.11,2,853.40
2026-03-17 14:16:36,스냅샷,B0164850,141628,39.40,1,41.14,53.1960,0.3952,0.8674,0.8634,0.2705,,1015,39.55,6,39.90,5,40.00,4,40.10,2,40.20,5,39.25,1,38.60,3,37.35,1,36.50,2,36.20,1,29,32,201,141636,852.75,25.92,3.13,3,853.40
2026-03-17 14:16:37,스냅샷,B0164850,141628,39.40,1,41.14,53.1999,0.3952,0.8674,0.8634,0.2705,,1015,39.50,1,39.55,6,39.90,5,40.00,4,40.10,2,39.25,1,38.60,3,37.35,1,36.50,2,36.20,1,30,32,201,141637,852.76,25.93,3.14,3,853.40
2026-03-17 14:16:38,스냅샷,B0164850,141628,39.40,1,41.14,53.1960,0.3952,0.8674,0.8634,0.2705,,1015,39.45,1,39.50,1,39.55,5,39.90,5,40.00,4,39.15,1,38.60,3,37.35,1,36.50,2,36.20,1,30,32,201,141638,852.75,25.92,3.13,3,853.40
2026-03-17 14:16:39,스냅샷,B0164850,141628,39.40,1,41.02,53.1130,0.3954,0.8673,0.8632,0.2700,,1015,39.45,1,39.50,1,39.55,5,39.90,5,40.00,4,39.20,1,39.15,1,38.75,2,38.60,3,37.35,1,30,35,201,141639,852.54,25.71,3.11,5,853.40
2026-03-17 14:16:40,스냅샷,B0164850,141628,39.40,1,41.01,53.1011,0.3954,0.8673,0.8632,0.2700,,1015,39.45,1,39.50,1,39.55,5,39.90,5,40.00,4,39.20,1,39.15,1,38.75,2,38.60,3,37.35,1,30,35,201,141640,852.51,25.68,3.11,2,853.40
2026-03-17 14:16:41,스냅샷,B0164850,141628,39.40,1,41.09,53.1604,0.3953,0.8674,0.8633,0.2703,,1015,39.45,1,39.50,1,39.55,5,39.90,5,40.00,4,39.15,1,38.60,3,37.35,1,36.50,2,36.20,1,30,32,201,141641,852.66,25.83,3.12,3,853.40
2026-03-17 14:16:42,스냅샷,B0164850,141628,39.40,1,41.08,53.1564,0.3953,0.8674,0.8633,0.2703,,1015,39.40,1,39.45,1,39.55,9,39.90,5,40.10,2,39.15,1,38.60,3,37.35,1,36.50,2,36.20,1,30,32,201,141642,852.65,25.82,3.12,5,853.40
2026-03-17 14:16:43,스냅샷,B0164850,141628,39.40,1,40.98,53.0813,0.3954,0.8673,0.8632,0.2698,,1015,39.40,1,39.45,1,39.55,9,39.90,5,40.10,2,39.15,1,38.60,3,37.35,1,36.50,2,36.20,1,30,32,201,141643,852.46,25.63,3.10,3,853.40
2026-03-17 14:16:44,스냅샷,B0164850,141628,39.40,1,41.02,53.1090,0.3954,0.8673,0.8632,0.2700,,1015,39.40,1,39.45,1,39.55,9,39.90,5,40.10,2,39.15,1,38.60,3,37.35,1,36.50,2,36.20,1,30,32,201,141644,852.53,25.70,3.11,1,853.40
2026-03-17 14:16:45,스냅샷,B0164850,141628,39.40,1,41.02,53.1090,0.3954,0.8673,0.8632,0.2700,,1015,39.40,1,39.45,1,39.55,9,39.90,5,40.10,2,39.15,1,38.60,3,37.35,1,36.50,2,36.20,1,30,32,201,141645,852.53,25.70,3.11,3,853.40
2026-03-17 14:16:46,스냅샷,B0164850,141628,39.40,1,41.13,53.1920,0.3952,0.8674,0.8634,0.2705,,1015,39.45,1,39.55,5,39.90,9,40.10,2,40.20,5,39.15,1,38.60,3,37.35,1,36.50,2,36.20,1,29,32,201,141646,852.74,25.91,3.13,3,853.40
2026-03-17 14:16:47,스냅샷,B0164850,141628,39.40,1,40.99,53.0853,0.3954,0.8673,0.8632,0.2699,,1014,39.45,1,39.55,5,39.90,9,40.10,2,40.20,5,39.15,1,38.60,3,37.35,1,36.50,2,36.20,1,29,32,201,141647,852.47,25.64,3.10,2,853.40
2026-03-17 14:16:48,스냅샷,B0164850,141628,39.40,1,41.00,53.0971,0.3954,0.8673,0.8632,0.2699,,1014,39.45,1,39.55,5,39.90,9,40.10,2,40.20,5,39.15,1,38.60,3,37.35,1,36.50,2,36.20,1,29,32,201,141648,852.50,25.67,3.10,3,853.40
2026-03-17 14:16:49,스냅샷,B0164850,141628,39.40,1,41.11,53.1802,0.3952,0.8674,0.8633,0.2704,,1014,39.45,1,39.55,5,39.90,9,40.10,2,40.20,5,39.15,1,38.60,3,37.35,1,36.50,2,36.20,1,29,32,201,141649,852.71,25.88,3.13,12,853.40
2026-03-17 14:16:50,스냅샷,B0164850,141628,39.40,1,40.99,53.0853,0.3954,0.8673,0.8632,0.2699,,1014,39.45,1,39.55,5,39.90,9,40.10,2,40.20,5,39.15,1,38.60,3,37.35,1,36.50,2,36.20,1,29,32,201,141650,852.47,25.64,3.10,2,853.40
2026-03-17 14:16:51,스냅샷,B0164850,141628,39.40,1,40.98,53.0813,0.3954,0.8673,0.8632,0.2698,,1014,39.40,1,39.45,1,39.55,5,39.90,9,40.10,2,39.15,1,38.60,3,37.35,1,36.50,2,36.20,1,30,32,201,141651,852.46,25.63,3.10,0,853.40
2026-03-17 14:16:52,스냅샷,B0164850,141628,39.40,1,41.10,53.1683,0.3953,0.8674,0.8633,0.2703,,1014,39.40,1,39.45,1,39.55,5,39.90,9,40.10,2,39.15,1,38.60,3,37.35,1,36.50,2,36.20,1,30,32,201,141652,852.68,25.85,3.13,2,853.40
2026-03-17 14:16:53,스냅샷,B0164850,141628,39.40,1,41.01,53.1011,0.3954,0.8673,0.8632,0.2700,,1014,39.40,1,39.45,1,39.55,5,39.90,9,40.10,2,39.10,1,38.60,3,37.35,1,36.50,2,36.20,1,30,32,201,141653,852.51,25.68,3.11,2,853.40
2026-03-17 14:16:54,스냅샷,B0164850,141628,39.40,1,41.12,53.1841,0.3952,0.8674,0.8633,0.2704,,1014,39.35,1,39.40,1,39.55,5,39.90,9,40.10,2,39.10,1,38.60,3,37.35,1,36.50,2,36.20,1,30,32,201,141654,852.72,25.89,3.13,1,853.40
2026-03-17 14:16:55,스냅샷,B0164850,141628,39.40,1,41.05,53.1327,0.3953,0.8673,0.8633,0.2701,,1014,39.35,1,39.40,1,39.55,5,39.90,9,40.10,2,39.05,1,38.60,3,37.35,1,36.50,2,36.20,1,30,32,201,141655,852.59,25.76,3.12,4,853.40
2026-03-17 14:16:56,스냅샷,B0164850,141628,39.40,1,41.13,53.1920,0.3952,0.8674,0.8634,0.2705,,1014,39.35,1,39.40,1,39.55,5,39.90,9,40.10,2,39.05,1,38.60,3,37.35,1,36.50,2,36.20,1,30,32,201,141656,852.74,25.91,3.13,4,853.40
2026-03-17 14:16:57,스냅샷,B0164850,141628,39.40,1,41.00,53.0932,0.3954,0.8673,0.8632,0.2699,,1014,39.35,1,39.40,1,39.55,5,39.90,9,40.10,2,39.05,1,38.60,3,37.35,1,36.50,2,36.20,1,30,32,201,141657,852.49,25.66,3.10,1,853.40
2026-03-17 14:16:58,스냅샷,B0164850,141628,39.40,1,41.08,53.1525,0.3953,0.8674,0.8633,0.2702,,1014,39.35,1,39.40,1,39.55,5,39.90,9,40.10,2,39.05,1,38.60,3,37.35,1,36.50,2,36.20,1,30,32,201,141658,852.64,25.81,3.12,3,853.40
2026-03-17 14:16:59,스냅샷,B0164850,141628,39.40,1,40.92,53.0339,0.3955,0.8673,0.8631,0.2696,,1014,39.35,1,39.40,1,39.55,5,39.90,9,40.10,2,39.05,1,38.60,3,37.35,1,36.50,2,36.20,1,30,32,201,141659,852.34,25.51,3.09,1,853.40
2026-03-17 14:17:00,스냅샷,B0164850,141628,39.40,1,41.07,53.1485,0.3953,0.8674,0.8633,0.2702,,1014,39.35,1,39.40,1,39.55,5,39.90,9,40.10,2,39.05,1,38.60,3,37.35,1,36.50,2,36.20,1,30,32,201,141700,852.63,25.80,3.12,4,853.40
2026-03-17 14:17:01,스냅샷,B0164850,141628,39.40,1,40.94,53.0497,0.3955,0.8673,0.8631,0.2697,,1014,39.35,1,39.40,1,39.55,5,39.90,9,40.10,2,39.05,1,38.60,3,37.35,1,36.50,2,36.20,1,30,32,201,141701,852.38,25.55,3.09,4,853.40
2026-03-17 14:17:02,스냅샷,B0164850,141628,39.40,1,41.01,53.1050,0.3954,0.8673,0.8632,0.2700,,1014,39.35,1,39.40,1,39.55,5,39.90,9,40.10,2,39.05,1,38.60,3,37.35,1,36.50,2,36.20,1,30,32,201,141702,852.52,25.69,3.11,5,853.40
2026-03-17 14:17:03,스냅샷,B0164850,141628,39.40,1,40.91,53.0260,0.3955,0.8673,0.8631,0.2695,,1014,39.35,1,39.40,1,39.55,5,39.90,9,40.10,2,39.05,1,38.60,3,37.35,1,36.50,2,36.20,1,30,32,201,141703,852.32,25.49,3.08,5,853.40
2026-03-17 14:17:04,스냅샷,B0164850,141628,39.40,1,41.05,53.1288,0.3953,0.8673,0.8633,0.2701,,1014,39.30,1,39.35,1,39.55,5,39.90,9,40.10,2,39.05,1,38.60,3,37.35,1,36.50,2,36.20,1,30,32,201,141704,852.58,25.75,3.11,13,853.40
2026-03-17 14:17:05,스냅샷,B0164850,141628,39.40,1,40.99,53.0853,0.3954,0.8673,0.8632,0.2699,,1014,39.35,1,39.55,5,39.90,9,40.10,2,40.20,5,39.05,1,38.60,3,37.35,1,36.50,2,36.20,1,29,32,201,141705,852.47,25.64,3.10,3,853.40
2026-03-17 14:17:06,스냅샷,B0164850,141628,39.40,1,41.06,53.1367,0.3953,0.8673,0.8633,0.2702,,1014,39.35,1,39.55,5,39.90,9,40.10,2,40.20,5,39.05,1,38.60,3,37.35,1,36.50,2,36.20,1,29,32,201,141706,852.60,25.77,3.12,5,853.40
2026-03-17 14:17:07,스냅샷,B0164850,141628,39.40,1,41.00,53.0971,0.3954,0.8673,0.8632,0.2699,,1014,39.35,1,39.55,5,39.90,9,40.10,2,40.20,5,39.05,1,38.60,3,37.35,1,36.50,2,36.20,1,29,32,201,141707,852.50,25.67,3.10,3,853.40
2026-03-17 14:17:08,스냅샷,B0164850,141628,39.40,1,40.97,53.0695,0.3955,0.8673,0.8632,0.2698,,1014,39.35,1,39.55,5,39.90,9,40.10,2,40.20,5,39.05,1,38.60,3,37.35,1,36.50,2,36.20,1,29,32,201,141708,852.43,25.60,3.10,5,853.40
2026-03-17 14:17:09,스냅샷,B0164850,141628,39.40,1,40.96,53.0655,0.3955,0.8673,0.8632,0.2698,,1014,39.35,1,39.55,5,39.90,9,40.10,2,40.20,5,39.05,1,38.60,3,37.35,1,36.50,2,36.20,1,29,32,201,141709,852.42,25.59,3.09,1,853.40
2026-03-17 14:17:10,스냅샷,B0164850,141628,39.40,1,41.06,53.1406,0.3953,0.8674,0.8633,0.2702,,1014,39.35,1,39.55,5,39.90,9,40.10,2,40.20,5,39.05,1,38.60,3,37.35,1,36.50,2,36.20,1,29,32,201,141710,852.61,25.78,3.12,5,853.40
2026-03-17 14:17:11,스냅샷,B0164850,141628,39.40,1,40.91,53.0299,0.3955,0.8673,0.8631,0.2696,,1014,39.35,1,39.55,5,39.90,9,40.10,2,40.20,5,39.05,1,38.60,3,37.35,1,36.50,2,36.20,1,29,32,201,141711,852.33,25.50,3.08,3,853.40
2026-03-17 14:17:12,스냅샷,B0164850,141628,39.40,1,41.02,53.1090,0.3954,0.8673,0.8632,0.2700,,1014,39.35,1,39.55,5,39.90,9,40.10,2,40.20,5,39.05,1,38.60,3,37.35,1,36.50,2,36.20,1,29,32,201,141712,852.53,25.70,3.11,3,853.40
2026-03-17 14:17:13,스냅샷,B0164850,141628,39.40,1,41.02,53.1090,0.3954,0.8673,0.8632,0.2700,,1014,39.35,1,39.55,5,39.90,9,40.10,2,40.20,5,39.10,1,39.05,1,38.65,2,38.60,3,37.35,1,29,35,201,141713,852.53,25.70,3.11,2,853.40
2026-03-17 14:17:14,스냅샷,B0164850,141628,39.40,1,41.11,53.1762,0.3952,0.8674,0.8633,0.2704,,1014,39.35,1,39.55,5,39.90,9,40.10,2,40.20,5,39.10,1,39.05,1,38.65,2,38.60,3,37.35,1,29,35,201,141714,852.70,25.87,3.13,2,853.40
2026-03-17 14:17:15,스냅샷,B0164850,141628,39.40,1,41.01,53.1011,0.3954,0.8673,0.8632,0.2700,,1014,39.35,1,39.55,5,39.90,9,40.10,2,40.20,5,39.10,1,39.05,1,38.65,2,38.60,3,37.35,1,29,35,201,141715,852.51,25.68,3.11,1,853.40
2026-03-17 14:17:16,스냅샷,B0164850,141628,39.40,1,41.09,53.1643,0.3953,0.8674,0.8633,0.2703,,1014,39.35,1,39.55,5,39.90,9,40.10,2,40.20,5,39.10,1,39.05,1,38.65,2,38.60,3,37.35,1,29,35,201,141716,852.67,25.84,3.13,3,853.40
2026-03-17 14:17:17,스냅샷,B0164850,141628,39.40,1,41.02,53.1130,0.3954,0.8673,0.8632,0.2700,,1014,39.30,1,39.35,1,39.55,5,39.90,9,40.10,2,39.05,1,38.60,3,37.35,1,36.50,2,36.20,1,30,32,201,141717,852.54,25.71,3.11,2,853.40
2026-03-17 14:17:18,스냅샷,B0164850,141628,39.40,1,41.12,53.1841,0.3952,0.8674,0.8633,0.2704,,1014,39.30,1,39.35,1,39.55,5,39.90,9,40.10,2,39.05,1,38.60,3,37.35,1,36.50,2,36.20,1,30,32,201,141718,852.72,25.89,3.13,6,853.40
2026-03-17 14:17:19,스냅샷,B0164850,141628,39.40,1,41.11,53.1762,0.3952,0.8674,0.8633,0.2704,,1014,39.30,1,39.35,1,39.55,5,39.90,9,40.10,2,39.05,1,38.60,3,37.35,1,36.50,2,36.20,1,30,32,201,141719,852.70,25.87,3.13,4,853.40
2026-03-17 14:17:20,스냅샷,B0164850,141628,39.40,1,40.95,53.0576,0.3955,0.8673,0.8632,0.2697,,1014,39.30,1,39.35,1,39.55,5,39.90,9,40.10,2,39.05,1,38.60,3,37.35,1,36.50,2,36.20,1,30,32,201,141720,852.40,25.57,3.09,2,853.40
2026-03-17 14:17:21,스냅샷,B0164850,141628,39.40,1,41.03,53.1169,0.3954,0.8673,0.8632,0.2700,,1014,39.35,1,39.55,5,39.90,9,40.10,2,40.20,5,39.05,1,38.60,3,37.35,1,36.50,2,36.20,1,29,32,201,141721,852.55,25.72,3.11,2,853.40
2026-03-17 14:17:22,스냅샷,B0164850,141628,39.40,1,41.03,53.1169,0.3954,0.8673,0.8632,0.2700,,1014,39.35,1,39.55,5,39.90,9,40.10,2,40.20,5,39.05,1,38.60,3,37.35,1,36.50,2,36.20,1,29,32,201,141722,852.55,25.72,3.11,3,853.40
2026-03-17 14:17:23,스냅샷,B0164850,141628,39.40,1,41.08,53.1564,0.3953,0.8674,0.8633,0.2703,,1014,39.35,1,39.55,5,39.90,9,40.10,2,40.20,5,39.05,1,38.60,3,37.35,1,36.50,2,36.20,1,29,32,201,141723,852.65,25.82,3.12,1,853.40
2026-03-17 14:17:24,스냅샷,B0164850,141628,39.40,1,41.02,53.1090,0.3954,0.8673,0.8632,0.2700,,1014,39.35,1,39.55,5,39.90,9,40.10,2,40.20,5,39.05,1,38.60,3,37.35,1,36.50,2,36.20,1,29,32,201,141724,852.53,25.70,3.11,3,853.40
2026-03-17 14:17:25,스냅샷,B0164850,141628,39.40,1,41.11,53.1762,0.3952,0.8674,0.8633,0.2704,,1014,39.35,1,39.55,5,39.90,9,40.10,2,40.20,5,39.05,1,38.60,3,37.35,1,36.50,2,36.20,1,29,32,201,141725,852.70,25.87,3.13,1,853.40
2026-03-17 14:17:26,스냅샷,B0164850,141628,39.40,1,41.09,53.1643,0.3953,0.8674,0.8633,0.2703,,1014,39.35,1,39.55,5,39.90,9,40.10,2,40.20,5,39.10,1,39.05,1,38.65,2,38.60,3,37.35,1,29,35,201,141726,852.67,25.84,3.13,4,853.40
2026-03-17 14:17:27,스냅샷,B0164850,141628,39.40,1,41.08,53.1564,0.3953,0.8674,0.8633,0.2703,,1014,39.35,1,39.55,5,39.90,9,40.10,2,40.20,5,39.05,1,38.60,3,37.35,1,36.50,2,36.20,1,29,32,201,141727,852.65,25.82,3.12,3,853.40
2026-03-17 14:17:28,스냅샷,B0164850,141628,39.40,1,41.05,53.1288,0.3953,0.8673,0.8633,0.2701,,1014,39.35,1,39.55,5,39.90,9,40.10,2,40.20,5,39.05,1,38.60,3,37.35,1,36.50,2,36.20,1,29,32,201,141728,852.58,25.75,3.11,2,853.40
2026-03-17 14:17:29,스냅샷,B0164850,141628,39.40,1,41.01,53.1011,0.3954,0.8673,0.8632,0.2700,,1014,39.30,1,39.35,1,39.55,5,39.90,9,40.10,2,39.05,1,38.60,3,37.35,1,36.50,2,36.20,1,30,32,201,141729,852.51,25.68,3.11,4,853.40
2026-03-17 14:17:30,스냅샷,B0164850,141628,39.40,1,41.12,53.1881,0.3952,0.8674,0.8633,0.2704,,1014,39.30,1,39.35,1,39.55,5,39.90,9,40.10,2,39.05,1,38.60,3,37.35,1,36.50,2,36.20,1,30,32,201,141730,852.73,25.90,3.13,1,853.40
2026-03-17 14:17:31,스냅샷,B0164850,141628,39.40,1,41.07,53.1485,0.3953,0.8674,0.8633,0.2702,,1014,39.30,1,39.35,1,39.55,5,39.90,9,40.10,2,39.05,1,38.60,3,37.35,1,36.50,2,36.20,1,30,32,201,141731,852.63,25.80,3.12,3,853.40
2026-03-17 14:17:32,스냅샷,B0164850,141628,39.40,1,41.05,53.1327,0.3953,0.8673,0.8633,0.2701,,1014,39.30,1,39.35,1,39.55,5,39.90,9,40.10,2,39.05,1,38.60,3,37.35,1,36.50,2,36.20,1,30,32,201,141732,852.59,25.76,3.12,1,853.40
2026-03-17 14:17:33,스냅샷,B0164850,141628,39.40,1,40.95,53.0576,0.3955,0.8673,0.8632,0.2697,,1014,39.30,1,39.35,1,39.55,5,39.90,9,40.10,2,39.00,1,38.60,3,38.55,2,37.35,1,36.50,2,30,34,201,141733,852.40,25.57,3.09,3,853.40
2026-03-17 14:17:34,스냅샷,B0164850,141628,39.40,1,41.06,53.1406,0.3953,0.8674,0.8633,0.2702,,1014,39.30,1,39.35,1,39.55,5,39.90,9,40.10,2,39.00,1,38.60,3,38.55,2,37.35,1,36.50,2,30,34,201,141734,852.61,25.78,3.12,4,853.40
2026-03-17 14:17:35,스냅샷,B0164850,141628,39.40,1,41.09,53.1604,0.3953,0.8674,0.8633,0.2703,,1014,39.30,1,39.35,1,39.55,5,39.90,9,40.10,2,39.00,1,38.60,3,38.55,2,37.35,1,36.50,2,30,34,201,141735,852.66,25.83,3.12,2,853.40
2026-03-17 14:17:36,스냅샷,B0164850,141628,39.40,1,41.00,53.0971,0.3954,0.8673,0.8632,0.2699,,1014,39.30,1,39.35,1,39.55,5,39.90,9,40.10,2,39.00,1,38.60,3,38.55,2,37.35,1,36.50,2,30,34,201,141736,852.50,25.67,3.10,1,853.40
2026-03-17 14:17:37,스냅샷,B0164850,141628,39.40,1,40.92,53.0339,0.3955,0.8673,0.8631,0.2696,,1014,39.30,1,39.35,1,39.55,5,39.90,9,40.10,2,39.00,1,38.60,3,38.55,2,37.35,1,36.50,2,30,34,201,141737,852.34,25.51,3.09,6,853.40
2026-03-17 14:17:38,스냅샷,B0164850,141628,39.40,1,41.08,53.1564,0.3953,0.8674,0.8633,0.2703,,1014,39.30,1,39.35,1,39.55,5,39.90,9,40.10,2,39.00,1,38.60,3,38.55,2,37.35,1,36.50,2,30,34,201,141738,852.65,25.82,3.12,4,853.40
2026-03-17 14:17:39,스냅샷,B0164850,141628,39.40,1,41.02,53.1130,0.3954,0.8673,0.8632,0.2700,,1014,39.30,1,39.35,1,39.55,5,39.90,9,40.10,2,39.00,1,38.60,3,38.55,2,37.35,1,36.50,2,30,34,201,141739,852.54,25.71,3.11,6,853.40
2026-03-17 14:17:40,스냅샷,B0164850,141628,39.40,1,40.87,52.9983,0.3956,0.8672,0.8631,0.2694,,1014,39.25,1,39.30,1,39.55,5,39.90,9,40.10,2,39.00,1,38.60,3,38.55,2,37.35,1,36.50,2,30,34,201,141740,852.25,25.42,3.07,5,853.40
2026-03-17 14:17:41,스냅샷,B0164850,141628,39.40,1,40.96,53.0655,0.3955,0.8673,0.8632,0.2698,,1014,39.25,1,39.30,1,39.55,5,39.90,9,40.10,2,38.95,1,38.60,3,38.50,2,37.35,1,36.50,2,30,34,201,141741,852.42,25.59,3.09,2,853.40
2026-03-17 14:17:42,스냅샷,B0164850,141628,39.40,1,41.07,53.1485,0.3953,0.8674,0.8633,0.2702,,1014,39.15,1,39.20,1,39.55,5,39.90,9,40.10,2,38.85,1,38.60,3,38.40,2,37.35,1,36.50,2,30,34,201,141742,852.63,25.80,3.12,3,853.40
2026-03-17 14:17:43,스냅샷,B0164850,141628,39.40,1,40.78,52.9310,0.3957,0.8672,0.8630,0.2690,,1014,39.15,1,39.20,1,39.55,5,39.90,9,40.10,2,38.85,1,38.60,3,38.40,2,37.35,1,36.50,2,30,34,201,141743,852.08,25.25,3.05,34,853.40
2026-03-17 14:17:44,스냅샷,B0164850,141628,39.40,1,40.79,52.9389,0.3957,0.8672,0.8630,0.2691,,1014,39.10,1,39.15,1,39.55,5,39.90,9,40.10,2,38.85,1,38.60,3,38.40,2,37.35,1,36.50,2,30,34,201,141744,852.10,25.27,3.06,4,853.40
2026-03-17 14:17:45,스냅샷,B0164850,141628,39.40,1,40.85,52.9864,0.3956,0.8672,0.8631,0.2693,,1014,39.10,1,39.15,1,39.55,5,39.90,9,40.10,2,38.85,1,38.80,1,38.60,3,38.15,2,37.35,1,30,35,201,141745,852.22,25.39,3.07,5,853.40
2026-03-17 14:17:46,스냅샷,B0164850,141628,39.40,1,40.77,52.9270,0.3957,0.8672,0.8630,0.2690,,1014,39.15,1,39.55,5,39.90,9,40.10,2,40.20,5,38.85,1,38.80,1,38.60,3,38.15,2,37.35,1,29,35,201,141746,852.07,25.24,3.05,4,853.40
2026-03-17 14:17:47,스냅샷,B0164850,141628,39.40,1,40.76,52.9191,0.3957,0.8671,0.8629,0.2689,,1014,39.15,1,39.55,5,39.90,9,40.10,2,40.20,5,38.85,1,38.80,1,38.60,3,38.15,2,37.35,1,29,35,201,141747,852.05,25.22,3.05,12,853.40
2026-03-17 14:17:48,스냅샷,B0164850,141628,39.40,1,40.74,52.9033,0.3958,0.8671,0.8629,0.2689,,1014,39.15,1,39.55,5,39.90,9,40.10,2,40.20,5,38.85,1,38.80,1,38.60,3,38.15,2,37.35,1,29,35,201,141748,852.01,25.18,3.05,9,853.40
2026-03-17 14:17:49,스냅샷,B0164850,141628,39.40,1,40.74,52.8993,0.3958,0.8671,0.8629,0.2688,,1014,39.20,1,39.50,3,39.55,5,39.90,5,40.00,4,38.90,1,38.85,1,38.60,3,38.15,2,37.35,1,32,35,201,141749,852.00,25.17,3.04,5,853.40
2026-03-17 14:17:50,스냅샷,B0164850,141628,39.40,1,40.74,52.8993,0.3958,0.8671,0.8629,0.2688,,1014,39.20,1,39.25,1,39.50,3,39.55,9,39.90,5,38.95,1,38.90,1,38.60,3,38.15,2,37.35,1,33,35,201,141750,852.00,25.17,3.04,2,853.40
2026-03-17 14:17:51,스냅샷,B0164850,141628,39.40,1,40.66,52.8400,0.3959,0.8671,0.8628,0.2685,,1014,39.20,1,39.50,3,39.55,9,39.90,5,40.10,2,38.90,1,38.60,3,38.15,2,37.35,1,36.50,2,32,34,201,141751,851.85,25.02,3.03,3,853.40
2026-03-17 14:17:52,스냅샷,B0164850,141628,39.40,1,40.59,52.7885,0.3960,0.8670,0.8627,0.2682,,1014,39.20,1,39.50,3,39.55,9,39.90,5,40.10,2,38.90,1,38.60,3,38.15,2,37.35,1,36.50,2,32,34,201,141752,851.72,24.89,3.01,3,853.40
2026-03-17 14:17:53,스냅샷,B0164850,141628,39.40,1,40.63,52.8162,0.3959,0.8670,0.8628,0.2684,,1014,39.20,1,39.50,3,39.55,9,39.90,5,40.10,2,38.90,1,38.60,3,38.15,2,37.35,1,36.50,2,32,34,201,141753,851.79,24.96,3.02,2,853.40
2026-03-17 14:17:54,스냅샷,B0164850,141628,39.40,1,40.70,52.8716,0.3958,0.8671,0.8629,0.2687,,1014,39.15,1,39.20,1,39.50,3,39.55,9,39.90,5,38.90,1,38.85,1,38.60,3,38.35,2,37.35,1,33,35,201,141754,851.93,25.10,3.04,5,853.40
2026-03-17 14:17:55,스냅샷,B0164850,141628,39.40,1,40.62,52.8122,0.3959,0.8670,0.8628,0.2683,,1014,39.15,1,39.20,1,39.50,3,39.55,9,39.90,5,38.90,1,38.85,1,38.60,3,38.35,2,37.35,1,33,35,201,141755,851.78,24.95,3.02,4,853.40
2026-03-17 14:17:56,스냅샷,B0164850,141628,39.40,1,40.54,52.7489,0.3961,0.8670,0.8627,0.2680,,1014,39.15,1,39.20,1,39.50,3,39.55,9,39.90,5,38.90,1,38.85,1,38.60,3,38.35,2,37.35,1,33,35,201,141756,851.62,24.79,3.00,2,853.40
2026-03-17 14:17:57,스냅샷,B0164850,141628,39.40,1,40.65,52.8320,0.3959,0.8671,0.8628,0.2685,,1014,39.15,1,39.20,1,39.50,3,39.55,9,39.90,5,38.90,1,38.85,1,38.60,3,38.35,2,37.35,1,33,35,201,141757,851.83,25.00,3.02,8,853.40
2026-03-17 14:17:58,스냅샷,B0164850,141628,39.40,1,40.66,52.8439,0.3959,0.8671,0.8628,0.2685,,1014,39.20,1,39.50,3,39.55,9,39.90,5,40.10,2,38.90,1,38.85,1,38.60,3,38.35,2,37.35,1,32,35,201,141758,851.86,25.03,3.03,5,853.40
2026-03-17 14:17:59,스냅샷,B0164850,141628,39.40,1,40.71,52.8756,0.3958,0.8671,0.8629,0.2687,,1014,39.20,1,39.50,3,39.55,9,39.90,5,40.10,2,38.90,1,38.85,1,38.60,3,38.35,2,37.35,1,32,35,201,141759,851.94,25.11,3.04,2,853.40
2026-03-17 14:18:00,스냅샷,B0164850,141628,39.40,1,40.75,52.9073,0.3958,0.8671,0.8629,0.2689,,1014,39.20,1,39.50,3,39.55,9,39.90,5,40.10,2,38.90,1,38.85,1,38.60,3,38.35,2,37.35,1,32,35,201,141800,852.02,25.19,3.05,2,853.40
2026-03-17 14:18:01,스냅샷,B0164850,141628,39.40,1,40.74,52.8993,0.3958,0.8671,0.8629,0.2688,,1014,39.15,1,39.20,1,39.50,3,39.55,9,39.90,5,38.90,1,38.85,1,38.60,3,38.35,2,37.35,1,33,35,201,141801,852.00,25.17,3.04,6,853.40
2026-03-17 14:18:02,스냅샷,B0164850,141628,39.40,1,40.76,52.9191,0.3957,0.8671,0.8629,0.2689,,1014,39.15,1,39.20,1,39.50,3,39.55,9,39.90,5,38.90,1,38.85,1,38.70,1,38.60,3,38.35,2,33,36,201,141802,852.05,25.22,3.05,4,853.40
2026-03-17 14:18:03,스냅샷,B0164850,141628,39.40,1,40.77,52.9231,0.3957,0.8672,0.8630,0.2690,,1014,39.15,1,39.20,1,39.50,3,39.55,9,39.90,5,38.90,1,38.85,1,38.70,1,38.60,3,38.35,2,33,36,201,141803,852.06,25.23,3.05,4,853.40
2026-03-17 14:18:04,스냅샷,B0164850,141628,39.40,1,40.59,52.7885,0.3960,0.8670,0.8627,0.2682,,1014,39.15,1,39.20,1,39.50,3,39.55,9,39.90,5,38.90,1,38.85,1,38.70,1,38.60,3,38.35,2,33,36,201,141804,851.72,24.89,3.01,2,853.40
2026-03-17 14:18:05,스냅샷,B0164850,141628,39.40,1,40.66,52.8439,0.3959,0.8671,0.8628,0.2685,,1014,39.15,1,39.20,1,39.50,3,39.55,9,39.90,5,38.90,1,38.85,1,38.70,1,38.60,3,38.35,2,33,36,201,141805,851.86,25.03,3.03,2,853.40
2026-03-17 14:18:06,스냅샷,B0164850,141628,39.40,1,40.64,52.8241,0.3959,0.8671,0.8628,0.2684,,1014,39.15,1,39.20,1,39.50,3,39.55,9,39.90,5,38.90,1,38.85,1,38.70,1,38.60,3,38.35,2,33,36,201,141806,851.81,24.98,3.02,1,853.40
2026-03-17 14:18:07,스냅샷,B0164850,141628,39.40,1,40.75,52.9073,0.3958,0.8671,0.8629,0.2689,,1014,39.15,1,39.20,1,39.50,3,39.55,9,39.90,5,38.90,1,38.85,1,38.70,1,38.60,3,38.35,2,33,36,201,141807,852.02,25.19,3.05,3,853.40
2026-03-17 14:18:08,스냅샷,B0164850,141628,39.40,1,40.64,52.8241,0.3959,0.8671,0.8628,0.2684,,1014,39.15,1,39.20,1,39.50,3,39.55,9,39.85,5,38.90,1,38.85,1,38.70,1,38.60,3,38.35,2,33,36,201,141808,851.81,24.98,3.02,2,853.40
2026-03-17 14:18:09,스냅샷,B0164850,141628,39.40,1,40.64,52.8241,0.3959,0.8671,0.8628,0.2684,,1014,39.15,1,39.20,1,39.50,3,39.55,9,39.85,5,38.90,1,38.85,1,38.70,1,38.60,3,38.35,2,33,36,201,141809,851.81,24.98,3.02,6,853.40
2026-03-17 14:18:10,스냅샷,B0164850,141628,39.40,1,40.66,52.8400,0.3959,0.8671,0.8628,0.2685,,1014,39.15,1,39.20,1,39.50,3,39.55,9,39.85,5,38.85,1,38.70,1,38.60,3,38.35,2,37.35,1,33,35,201,141810,851.85,25.02,3.03,6,853.40
2026-03-17 14:18:11,스냅샷,B0164850,141628,39.40,1,40.70,52.8677,0.3958,0.8671,0.8629,0.2687,,1014,39.15,1,39.20,1,39.50,3,39.55,9,39.85,5,38.85,1,38.70,1,38.60,3,38.35,2,37.35,1,33,35,201,141811,851.92,25.09,3.03,5,853.40
2026-03-17 14:18:12,스냅샷,B0164850,141628,39.40,1,40.74,52.8993,0.3958,0.8671,0.8629,0.2688,,1014,39.15,1,39.20,1,39.50,3,39.55,9,39.85,5,38.85,1,38.70,1,38.60,3,38.35,2,37.35,1,33,35,201,141812,852.00,25.17,3.04,7,853.40
2026-03-17 14:18:13,스냅샷,B0164850,141628,39.40,1,40.64,52.8281,0.3959,0.8671,0.8628,0.2684,,1014,39.15,1,39.20,1,39.50,3,39.55,9,39.85,5,38.85,1,38.70,1,38.60,3,38.35,2,37.35,1,33,35,201,141813,851.82,24.99,3.02,1,853.40
2026-03-17 14:18:14,스냅샷,B0164850,141628,39.40,1,40.76,52.9152,0.3958,0.8671,0.8629,0.2689,,1014,39.10,1,39.15,1,39.50,3,39.55,9,39.85,5,38.85,1,38.70,1,38.60,3,38.35,2,37.35,1,33,35,201,141814,852.04,25.21,3.05,2,853.40
2026-03-17 14:18:15,스냅샷,B0164850,141628,39.40,1,40.75,52.9112,0.3958,0.8671,0.8629,0.2689,,1014,39.10,1,39.15,1,39.50,3,39.55,9,39.85,5,38.70,1,38.60,3,38.35,2,37.35,1,36.50,2,33,34,201,141815,852.03,25.20,3.05,1,853.40
2026-03-17 14:18:16,스냅샷,B0164850,141628,39.40,1,40.62,52.8083,0.3960,0.8670,0.8628,0.2683,,1014,39.10,1,39.15,1,39.50,3,39.55,9,39.85,5,38.80,1,38.75,1,38.70,1,38.60,3,38.35,2,33,36,201,141816,851.77,24.94,3.02,6,853.40
2026-03-17 14:18:17,스냅샷,B0164850,141628,39.40,1,40.71,52.8756,0.3958,0.8671,0.8629,0.2687,,1014,39.10,1,39.15,1,39.50,3,39.55,9,39.85,5,38.80,1,38.75,1,38.70,1,38.60,3,38.35,2,33,36,201,141817,851.94,25.11,3.04,2,853.40
2026-03-17 14:18:18,스냅샷,B0164850,141628,39.40,1,40.66,52.8400,0.3959,0.8671,0.8628,0.2685,,1014,39.10,1,39.15,1,39.50,3,39.55,9,39.85,5,38.80,1,38.75,1,38.70,1,38.60,3,38.35,2,33,36,201,141818,851.85,25.02,3.03,2,853.40
2026-03-17 14:18:19,스냅샷,B0164850,141628,39.40,1,40.69,52.8637,0.3958,0.8671,0.8629,0.2686,,1014,39.05,1,39.10,1,39.50,3,39.55,9,39.85,5,38.80,1,38.75,1,38.70,1,38.60,3,38.35,2,33,36,201,141819,851.91,25.08,3.03,1,853.40
2026-03-17 14:18:20,스냅샷,B0164850,141628,39.40,1,40.70,52.8677,0.3958,0.8671,0.8629,0.2687,,1014,39.10,1,39.50,3,39.55,9,39.85,5,39.90,5,38.80,1,38.75,1,38.70,1,38.60,3,38.35,2,32,36,201,141820,851.92,25.09,3.03,2,853.40
2026-03-17 14:18:21,스냅샷,B0164850,141628,39.40,1,40.76,52.9152,0.3958,0.8671,0.8629,0.2689,,1014,39.10,1,39.50,3,39.55,9,39.85,5,39.90,5,38.80,1,38.75,1,38.70,1,38.60,3,38.35,2,32,36,201,141821,852.04,25.21,3.05,2,853.40
2026-03-17 14:18:22,스냅샷,B0164850,141628,39.40,1,40.67,52.8479,0.3959,0.8671,0.8628,0.2685,,1014,39.10,1,39.50,3,39.55,9,39.85,5,39.90,5,38.80,1,38.75,1,38.70,1,38.60,3,38.35,2,32,36,201,141822,851.87,25.04,3.03,1,853.40
2026-03-17 14:18:23,스냅샷,B0164850,141628,39.40,1,40.68,52.8558,0.3959,0.8671,0.8628,0.2686,,1014,39.10,1,39.50,3,39.55,9,39.85,5,39.90,5,38.80,1,38.75,1,38.70,1,38.60,3,38.35,2,32,36,201,141823,851.89,25.06,3.03,5,853.40
2026-03-17 14:18:24,스냅샷,B0164850,141628,39.40,1,40.76,52.9191,0.3957,0.8671,0.8629,0.2689,,1014,39.10,1,39.50,3,39.55,9,39.85,5,39.90,5,38.85,1,38.80,1,38.70,3,38.60,3,37.35,1,32,36,201,141824,852.05,25.22,3.05,1,853.40
2026-03-17 14:18:25,스냅샷,B0164850,141628,39.40,1,40.73,52.8954,0.3958,0.8671,0.8629,0.2688,,1014,39.10,1,39.50,3,39.55,9,39.85,5,39.90,5,38.85,1,38.80,1,38.70,3,38.60,3,37.35,1,32,36,201,141825,851.99,25.16,3.04,2,853.40
2026-03-17 14:18:26,스냅샷,B0164850,141628,39.40,1,40.68,52.8598,0.3959,0.8671,0.8629,0.2686,,1014,39.15,1,39.50,3,39.55,5,39.85,5,39.90,9,38.85,1,38.80,1,38.70,3,38.60,3,37.35,1,32,36,201,141826,851.90,25.07,3.03,2,853.40
2026-03-17 14:18:27,스냅샷,B0164850,141628,39.40,1,40.69,52.8637,0.3958,0.8671,0.8629,0.2686,,1014,39.15,1,39.50,3,39.55,5,39.85,5,39.90,9,38.85,1,38.80,1,38.70,3,38.60,3,37.35,1,32,36,201,141827,851.91,25.08,3.03,2,853.40
2026-03-17 14:18:28,스냅샷,B0164850,141628,39.40,1,40.67,52.8518,0.3959,0.8671,0.8628,0.2686,,1014,39.15,1,39.50,3,39.55,5,39.85,5,39.90,9,38.85,1,38.80,1,38.70,3,38.60,3,37.35,1,32,36,201,141828,851.88,25.05,3.03,3,853.40
2026-03-17 14:18:29,스냅샷,B0164850,141628,39.40,1,40.71,52.8756,0.3958,0.8671,0.8629,0.2687,,1014,39.15,1,39.50,3,39.55,5,39.85,5,39.90,9,38.85,1,38.80,1,38.70,3,38.60,3,37.35,1,32,36,201,141829,851.94,25.11,3.04,1,853.40
2026-03-17 14:18:30,스냅샷,B0164850,141628,39.40,1,40.71,52.8795,0.3958,0.8671,0.8629,0.2687,,1014,39.15,1,39.50,3,39.55,5,39.85,5,39.90,9,38.90,1,38.85,1,38.70,3,38.60,3,37.35,1,32,36,201,141830,851.95,25.12,3.04,3,853.40
2026-03-17 14:18:31,스냅샷,B0164850,141628,39.40,1,40.66,52.8400,0.3959,0.8671,0.8628,0.2685,,1014,39.15,1,39.50,3,39.55,5,39.85,5,39.90,9,38.90,1,38.85,1,38.70,3,38.60,3,37.35,1,32,36,201,141831,851.85,25.02,3.03,2,853.40
2026-03-17 14:18:32,스냅샷,B0164850,141628,39.40,1,40.65,52.8360,0.3959,0.8671,0.8628,0.2685,,1014,39.15,1,39.50,3,39.55,5,39.80,5,39.90,9,38.90,1,38.85,1,38.70,3,38.60,3,37.35,1,32,36,201,141832,851.84,25.01,3.02,2,853.40
2026-03-17 14:18:33,스냅샷,B0164850,141628,39.40,1,40.68,52.8598,0.3959,0.8671,0.8629,0.2686,,1014,39.15,1,39.50,3,39.55,5,39.80,5,39.90,9,38.90,1,38.85,1,38.70,3,38.60,3,37.35,1,32,36,201,141833,851.90,25.07,3.03,2,853.40
2026-03-17 14:18:34,스냅샷,B0164850,141628,39.40,1,40.70,52.8716,0.3958,0.8671,0.8629,0.2687,,1014,39.20,1,39.50,3,39.55,5,39.80,5,39.90,9,38.90,1,38.85,1,38.70,3,38.60,3,37.35,1,32,36,201,141834,851.93,25.10,3.04,1,853.40
2026-03-17 14:18:35,스냅샷,B0164850,141628,39.40,1,40.78,52.9310,0.3957,0.8672,0.8630,0.2690,,1014,39.15,1,39.20,1,39.50,3,39.55,9,39.80,5,38.90,1,38.85,1,38.70,3,38.60,3,37.35,1,33,36,201,141835,852.08,25.25,3.05,3,853.40
2026-03-17 14:18:36,스냅샷,B0164850,141628,39.40,1,40.85,52.9864,0.3956,0.8672,0.8631,0.2693,,1014,39.15,1,39.20,1,39.50,3,39.55,9,39.80,5,38.90,1,38.85,1,38.70,3,38.60,3,37.35,1,33,36,201,141836,852.22,25.39,3.07,2,853.40
2026-03-17 14:18:37,스냅샷,B0164850,141628,39.40,1,40.74,52.9033,0.3958,0.8671,0.8629,0.2689,,1014,39.15,1,39.20,1,39.50,3,39.55,9,39.80,5,38.85,1,38.70,1,38.60,3,38.40,2,37.35,1,33,35,201,141837,852.01,25.18,3.05,2,853.40
2026-03-17 14:18:38,스냅샷,B0164850,141628,39.40,1,40.82,52.9627,0.3957,0.8672,0.8630,0.2692,,1014,39.15,1,39.20,1,39.50,3,39.55,9,39.80,5,38.85,1,38.70,1,38.60,3,38.40,2,37.35,1,33,35,201,141838,852.16,25.33,3.06,3,853.40
2026-03-17 14:18:39,스냅샷,B0164850,141628,39.40,1,40.86,52.9943,0.3956,0.8672,0.8631,0.2694,,1014,39.15,1,39.20,1,39.50,3,39.55,9,39.80,5,38.85,1,38.70,1,38.60,3,38.40,2,37.35,1,33,35,201,141839,852.24,25.41,3.07,3,853.40
2026-03-17 14:18:40,스냅샷,B0164850,141628,39.40,1,40.64,52.8241,0.3959,0.8671,0.8628,0.2684,,1014,39.15,1,39.20,1,39.50,3,39.55,9,39.80,5,38.85,1,38.70,1,38.60,3,38.40,2,37.35,1,33,35,201,141840,851.81,24.98,3.02,1,853.40
2026-03-17 14:18:41,스냅샷,B0164850,141628,39.40,1,40.70,52.8716,0.3958,0.8671,0.8629,0.2687,,1014,39.15,1,39.20,1,39.50,3,39.55,9,39.80,5,38.90,1,38.85,1,38.70,1,38.60,3,38.40,2,33,36,201,141841,851.93,25.10,3.04,2,853.40
2026-03-17 14:18:42,스냅샷,B0164850,141628,39.40,1,40.70,52.8677,0.3958,0.8671,0.8629,0.2687,,1014,39.15,1,39.20,1,39.50,3,39.55,9,39.80,5,38.90,1,38.85,1,38.70,1,38.60,3,38.40,2,33,36,201,141842,851.92,25.09,3.03,3,853.40
2026-03-17 14:18:43,스냅샷,B0164850,141628,39.40,1,40.69,52.8637,0.3958,0.8671,0.8629,0.2686,,1014,39.15,1,39.20,1,39.50,3,39.55,9,39.80,5,38.90,1,38.85,1,38.70,1,38.60,3,38.40,2,33,36,201,141843,851.91,25.08,3.03,3,853.40
2026-03-17 14:18:44,스냅샷,B0164850,141628,39.40,1,40.71,52.8756,0.3958,0.8671,0.8629,0.2687,,1014,39.15,1,39.20,1,39.50,3,39.55,9,39.80,5,38.90,1,38.85,1,38.70,1,38.60,3,38.40,2,33,36,201,141844,851.94,25.11,3.04,1,853.40
2026-03-17 14:18:45,스냅샷,B0164850,141628,39.40,1,40.76,52.9191,0.3957,0.8671,0.8629,0.2689,,1014,39.15,1,39.20,1,39.50,3,39.55,9,39.80,5,38.90,1,38.85,1,38.70,1,38.60,3,38.40,2,33,36,201,141845,852.05,25.22,3.05,6,853.40
2026-03-17 14:18:46,스냅샷,B0164850,141628,39.40,1,40.75,52.9073,0.3958,0.8671,0.8629,0.2689,,1014,39.15,1,39.20,1,39.50,3,39.55,9,39.80,5,38.90,1,38.85,1,38.70,1,38.60,3,38.40,2,33,36,201,141847,852.02,25.19,3.05,2,853.40
2026-03-17 14:18:47,스냅샷,B0164850,141628,39.40,1,40.77,52.9270,0.3957,0.8672,0.8630,0.2690,,1014,39.15,1,39.20,1,39.50,3,39.55,9,39.80,5,38.90,1,38.85,1,38.70,1,38.60,3,38.40,2,33,36,201,141848,852.07,25.24,3.05,3,853.40
2026-03-17 14:18:48,스냅샷,B0164850,141628,39.40,1,40.82,52.9587,0.3957,0.8672,0.8630,0.2692,,1014,39.25,1,39.50,3,39.55,5,39.80,5,39.90,9,38.95,1,38.90,1,38.70,3,38.60,3,37.35,1,32,36,201,141849,852.15,25.32,3.06,3,853.40
2026-03-17 14:18:49,스냅샷,B0164850,141628,39.40,1,40.85,52.9864,0.3956,0.8672,0.8631,0.2693,,1014,39.25,1,39.50,3,39.55,5,39.80,5,39.90,9,38.95,1,38.90,1,38.70,3,38.60,3,37.35,1,32,36,201,141850,852.22,25.39,3.07,2,853.40
2026-03-17 14:18:50,스냅샷,B0164850,141628,39.40,1,40.80,52.9429,0.3957,0.8672,0.8630,0.2691,,1014,39.20,1,39.25,1,39.50,3,39.55,9,39.80,5,38.95,1,38.90,1,38.70,3,38.60,3,37.35,1,33,36,201,141851,852.11,25.28,3.06,1,853.40
2026-03-17 14:18:51,스냅샷,B0164850,141628,39.40,1,40.79,52.9389,0.3957,0.8672,0.8630,0.2691,,1014,39.20,1,39.25,1,39.50,3,39.55,9,39.80,5,38.95,1,38.90,1,38.70,3,38.60,3,37.35,1,33,36,201,141852,852.10,25.27,3.06,1,853.40
2026-03-17 14:18:52,스냅샷,B0164850,141628,39.40,1,40.80,52.9429,0.3957,0.8672,0.8630,0.2691,,1014,39.20,1,39.25,1,39.50,3,39.55,9,39.80,5,38.95,1,38.90,1,38.70,3,38.60,3,37.35,1,33,36,201,141853,852.11,25.28,3.06,3,853.40
2026-03-17 14:18:53,스냅샷,B0164850,141628,39.40,1,40.71,52.8756,0.3958,0.8671,0.8629,0.2687,,1014,39.20,1,39.25,1,39.50,3,39.55,9,39.80,5,38.95,1,38.90,1,38.70,3,38.60,3,37.35,1,33,36,201,141854,851.94,25.11,3.04,1,853.40
2026-03-17 14:18:54,스냅샷,B0164850,141628,39.40,1,40.79,52.9350,0.3957,0.8672,0.8630,0.2690,,1014,39.15,1,39.20,1,39.50,3,39.55,9,39.80,5,38.90,1,38.85,1,38.70,1,38.60,3,38.45,2,33,36,201,141855,852.09,25.26,3.06,2,853.40
2026-03-17 14:18:55,스냅샷,B0164850,141628,39.40,1,40.80,52.9429,0.3957,0.8672,0.8630,0.2691,,1014,39.15,1,39.20,1,39.50,3,39.55,9,39.80,5,38.90,1,38.85,1,38.70,1,38.60,3,38.45,2,33,36,201,141856,852.11,25.28,3.06,3,853.40
2026-03-17 14:18:56,스냅샷,B0164850,141628,39.40,1,40.77,52.9270,0.3957,0.8672,0.8630,0.2690,,1014,39.15,1,39.20,1,39.50,3,39.55,9,39.80,5,38.90,1,38.85,1,38.70,1,38.60,3,38.45,2,33,36,201,141857,852.07,25.24,3.05,4,853.40
2026-03-17 14:18:57,스냅샷,B0164850,141628,39.40,1,40.88,53.0062,0.3956,0.8672,0.8631,0.2694,,1014,39.20,1,39.50,3,39.55,9,39.80,5,39.90,5,38.90,1,38.85,1,38.70,1,38.60,3,38.45,2,32,36,201,141858,852.27,25.44,3.08,5,853.40
2026-03-17 14:18:58,스냅샷,B0164850,141628,39.40,1,40.77,52.9270,0.3957,0.8672,0.8630,0.2690,,1014,39.20,1,39.50,3,39.55,9,39.80,5,39.90,5,38.90,1,38.85,1,38.70,1,38.60,3,38.45,2,32,36,201,141859,852.07,25.24,3.05,33,853.40
2026-03-17 14:18:59,스냅샷,B0164850,141628,39.40,1,40.77,52.9270,0.3957,0.8672,0.8630,0.2690,,1014,39.20,1,39.50,3,39.55,9,39.80,5,39.90,5,38.90,1,38.85,1,38.70,1,38.60,3,38.45,2,32,36,201,141900,852.07,25.24,3.05,4,853.40
2026-03-17 14:19:00,스냅샷,B0164850,141628,39.40,1,40.82,52.9587,0.3957,0.8672,0.8630,0.2692,,1014,39.15,1,39.20,1,39.50,3,39.55,9,39.80,5,38.90,1,38.85,1,38.70,1,38.60,3,38.45,2,33,36,201,141901,852.15,25.32,3.06,3,853.40
2026-03-17 14:19:01,스냅샷,B0164850,141628,39.40,1,40.81,52.9508,0.3957,0.8672,0.8630,0.2691,,1014,39.15,1,39.20,1,39.50,3,39.55,9,39.80,5,38.90,1,38.85,1,38.70,1,38.60,3,38.45,2,33,36,201,141902,852.13,25.30,3.06,6,853.40
2026-03-17 14:19:02,스냅샷,B0164850,141628,39.40,1,40.84,52.9745,0.3956,0.8672,0.8630,0.2693,,1014,39.20,1,39.50,3,39.55,9,39.80,5,39.90,5,38.90,1,38.85,1,38.70,1,38.60,3,38.45,2,32,36,201,141903,852.19,25.36,3.07,1,853.40
2026-03-17 14:19:03,스냅샷,B0164850,141628,39.40,1,40.82,52.9627,0.3957,0.8672,0.8630,0.2692,,1014,39.25,1,39.50,3,39.55,5,39.80,5,39.90,9,38.95,1,38.90,1,38.70,3,38.60,3,37.35,1,32,36,201,141904,852.16,25.33,3.06,5,853.40
2026-03-17 14:19:04,스냅샷,B0164850,141628,39.40,1,40.83,52.9666,0.3957,0.8672,0.8630,0.2692,,1014,39.25,1,39.50,3,39.55,5,39.80,5,39.90,9,38.95,1,38.90,1,38.70,3,38.60,3,37.35,1,32,36,201,141905,852.17,25.34,3.06,3,853.40
2026-03-17 14:19:05,스냅샷,B0164850,141628,39.40,1,40.83,52.9666,0.3957,0.8672,0.8630,0.2692,,1014,39.25,1,39.50,3,39.55,5,39.80,5,39.90,9,38.95,1,38.90,1,38.70,3,38.60,3,37.35,1,32,36,201,141906,852.17,25.34,3.06,2,853.40
2026-03-17 14:19:06,스냅샷,B0164850,141628,39.40,1,40.66,52.8439,0.3959,0.8671,0.8628,0.2685,,1014,39.25,1,39.50,3,39.55,5,39.80,5,39.90,9,38.95,1,38.90,1,38.70,3,38.60,3,37.35,1,32,36,201,141907,851.86,25.03,3.03,1,853.40
2026-03-17 14:19:07,스냅샷,B0164850,141628,39.40,1,40.85,52.9824,0.3956,0.8672,0.8630,0.2693,,1014,39.25,1,39.50,3,39.55,5,39.80,5,39.90,9,38.95,1,38.90,1,38.70,3,38.60,3,37.35,1,32,36,201,141908,852.21,25.38,3.07,2,853.40
2026-03-17 14:19:08,스냅샷,B0164850,141628,39.40,1,40.88,53.0062,0.3956,0.8672,0.8631,0.2694,,1014,39.25,1,39.50,3,39.55,5,39.80,5,39.90,9,38.95,1,38.90,1,38.70,3,38.60,3,37.35,1,32,36,201,141909,852.27,25.44,3.08,2,853.40
2026-03-17 14:19:09,스냅샷,B0164850,141628,39.40,1,40.86,52.9943,0.3956,0.8672,0.8631,0.2694,,1014,39.25,1,39.50,3,39.55,5,39.80,5,39.90,9,39.00,1,38.95,1,38.70,3,38.60,3,37.35,1,32,36,201,141910,852.24,25.41,3.07,2,853.40
2026-03-17 14:19:10,스냅샷,B0164850,141628,39.40,1,40.91,53.0260,0.3955,0.8673,0.8631,0.2695,,1014,39.25,1,39.50,3,39.55,5,39.80,5,39.90,9,39.00,1,38.95,1,38.70,3,38.60,3,37.35,1,32,36,201,141911,852.32,25.49,3.08,2,853.40
2026-03-17 14:19:11,스냅샷,B0164850,141628,39.40,1,40.89,53.0141,0.3956,0.8672,0.8631,0.2695,,1014,39.30,1,39.50,3,39.55,5,39.80,5,39.90,9,39.00,1,38.95,1,38.70,3,38.60,3,37.35,1,32,36,201,141912,852.29,25.46,3.08,9,853.40
2026-03-17 14:19:12,스냅샷,B0164850,141628,39.40,1,40.89,53.0141,0.3956,0.8672,0.8631,0.2695,,1014,39.30,1,39.50,3,39.55,5,39.80,5,39.90,9,39.00,1,38.95,1,38.70,3,38.60,3,37.35,1,32,36,201,141912,852.29,25.46,3.08,9,853.40
2026-03-17 14:19:13,스냅샷,B0164850,141628,39.40,1,40.83,52.9706,0.3956,0.8672,0.8630,0.2692,,1014,39.30,1,39.50,3,39.55,5,39.80,5,39.90,9,39.05,1,39.00,1,38.70,3,38.60,3,37.35,1,32,36,201,141914,852.18,25.35,3.07,1,853.40
2026-03-17 14:19:14,스냅샷,B0164850,141628,39.40,1,40.86,52.9903,0.3956,0.8672,0.8631,0.2693,,1014,39.30,1,39.50,3,39.55,5,39.80,5,39.90,9,39.05,1,39.00,1,38.70,3,38.60,3,37.35,1,32,36,201,141915,852.23,25.40,3.07,2,853.40
2026-03-17 14:19:15,스냅샷,B0164850,141628,39.40,1,40.86,52.9903,0.3956,0.8672,0.8631,0.2693,,1014,39.30,1,39.50,3,39.55,5,39.80,5,39.90,9,39.05,1,39.00,1,38.70,3,38.60,3,37.35,1,32,36,201,141916,852.23,25.40,3.07,1,853.40
2026-03-17 14:19:16,스냅샷,B0164850,141628,39.40,1,40.86,52.9903,0.3956,0.8672,0.8631,0.2693,,1014,39.35,1,39.40,1,39.50,3,39.55,9,39.80,5,39.05,1,39.00,1,38.70,3,38.60,3,37.35,1,33,36,201,141917,852.23,25.40,3.07,2,853.40
2026-03-17 14:19:17,스냅샷,B0164850,141628,39.40,1,40.79,52.9350,0.3957,0.8672,0.8630,0.2690,,1014,39.35,1,39.40,1,39.50,3,39.55,9,39.80,5,39.05,1,39.00,1,38.70,3,38.60,3,37.35,1,33,36,201,141918,852.09,25.26,3.06,2,853.40
2026-03-17 14:19:18,스냅샷,B0164850,141628,39.40,1,40.69,52.8637,0.3958,0.8671,0.8629,0.2686,,1014,39.30,1,39.35,1,39.50,3,39.55,9,39.80,5,39.05,1,39.00,1,38.70,3,38.60,3,37.35,1,33,36,201,141919,851.91,25.08,3.03,4,853.40
2026-03-17 14:19:19,스냅샷,B0164850,141628,39.40,1,40.84,52.9745,0.3956,0.8672,0.8630,0.2693,,1014,39.30,1,39.35,1,39.50,3,39.55,9,39.80,5,39.05,1,39.00,1,38.70,3,38.60,3,37.35,1,33,36,201,141920,852.19,25.36,3.07,2,853.40
2026-03-17 14:19:20,스냅샷,B0164850,141628,39.40,1,40.63,52.8162,0.3959,0.8670,0.8628,0.2684,,1014,39.35,1,39.50,3,39.55,9,39.80,5,39.90,5,39.05,1,39.00,1,38.70,3,38.60,3,37.35,1,32,36,201,141921,851.79,24.96,3.02,4,853.40
2026-03-17 14:19:21,스냅샷,B0164850,141628,39.40,1,40.75,52.9112,0.3958,0.8671,0.8629,0.2689,,1014,39.35,1,39.50,3,39.55,9,39.80,5,39.90,5,39.05,1,39.00,1,38.70,3,38.60,3,37.35,1,32,36,201,141922,852.03,25.20,3.05,1,853.40
2026-03-17 14:19:22,스냅샷,B0164850,141628,39.40,1,40.75,52.9073,0.3958,0.8671,0.8629,0.2689,,1014,39.35,1,39.50,3,39.55,9,39.80,5,39.90,5,39.10,1,39.05,1,38.70,3,38.60,3,37.35,1,32,36,201,141923,852.02,25.19,3.05,2,853.40
2026-03-17 14:19:23,스냅샷,B0164850,141628,39.40,1,40.79,52.9389,0.3957,0.8672,0.8630,0.2691,,1014,39.30,1,39.35,1,39.50,3,39.55,9,39.80,5,39.05,1,38.70,1,38.60,5,37.35,1,36.50,2,33,35,201,141924,852.10,25.27,3.06,3,853.40
2026-03-17 14:19:24,스냅샷,B0164850,141628,39.40,1,40.84,52.9785,0.3956,0.8672,0.8630,0.2693,,1014,39.30,1,39.35,1,39.50,3,39.55,9,39.80,5,39.05,1,38.70,1,38.60,5,37.35,1,36.50,2,33,35,201,141925,852.20,25.37,3.07,14,853.40
2026-03-17 14:19:25,스냅샷,B0164850,141628,39.40,1,40.88,53.0062,0.3956,0.8672,0.8631,0.2694,,1014,39.30,1,39.35,1,39.50,3,39.55,9,39.80,5,39.05,1,38.70,1,38.60,5,37.35,1,36.50,2,33,35,201,141926,852.27,25.44,3.08,6,853.40
2026-03-17 14:19:26,스냅샷,B0164850,141628,39.40,1,40.88,53.0022,0.3956,0.8672,0.8631,0.2694,,1014,39.30,1,39.35,1,39.50,3,39.55,9,39.80,5,39.05,1,38.70,1,38.60,5,37.35,1,36.50,2,33,35,201,141927,852.26,25.43,3.08,3,853.40
2026-03-17 14:19:27,스냅샷,B0164850,141628,39.40,1,40.82,52.9627,0.3957,0.8672,0.8630,0.2692,,1014,39.40,1,39.50,3,39.55,5,39.80,5,39.90,9,39.05,1,38.70,1,38.60,5,37.35,1,36.50,2,32,35,201,141928,852.16,25.33,3.06,2,853.40
2026-03-17 14:19:28,스냅샷,B0164850,141628,39.40,1,40.66,52.8439,0.3959,0.8671,0.8628,0.2685,,1014,39.35,1,39.50,3,39.55,9,39.80,5,39.90,5,39.00,1,38.95,1,38.75,3,38.70,1,38.25,2,32,36,201,141929,851.86,25.03,3.03,4,853.40
2026-03-17 14:19:29,스냅샷,B0164850,141628,39.40,1,40.82,52.9587,0.3957,0.8672,0.8630,0.2692,,1014,39.35,1,39.50,3,39.55,9,39.80,5,39.90,5,39.00,1,38.95,1,38.75,3,38.70,1,38.25,2,32,36,201,141930,852.15,25.32,3.06,2,853.40
2026-03-17 14:19:30,스냅샷,B0164850,141628,39.40,1,40.92,53.0378,0.3955,0.8673,0.8631,0.2696,,1014,39.35,1,39.50,3,39.55,9,39.80,5,39.90,5,39.05,1,39.00,1,38.75,3,38.70,3,37.35,1,32,36,201,141931,852.35,25.52,3.09,2,853.40
2026-03-17 14:19:31,스냅샷,B0164850,141628,39.40,1,40.81,52.9508,0.3957,0.8672,0.8630,0.2691,,1014,39.35,1,39.50,3,39.55,9,39.80,5,39.90,5,39.05,1,39.00,1,38.75,3,38.70,3,37.35,1,32,36,201,141932,852.13,25.30,3.06,2,853.40
2026-03-17 14:19:32,스냅샷,B0164850,141628,39.40,1,40.97,53.0695,0.3955,0.8673,0.8632,0.2698,,1014,39.35,1,39.50,3,39.55,9,39.80,5,39.90,5,39.10,1,39.05,1,38.75,3,38.70,3,37.35,1,32,36,201,141933,852.43,25.60,3.10,4,853.40
2026-03-17 14:19:33,스냅샷,B0164850,141628,39.40,1,40.80,52.9468,0.3957,0.8672,0.8630,0.2691,,1014,39.40,1,39.50,3,39.55,5,39.80,5,39.90,9,39.10,1,39.05,1,38.75,3,38.70,3,37.35,1,32,36,201,141934,852.12,25.29,3.06,2,853.40
2026-03-17 14:19:34,스냅샷,B0164850,141628,39.40,1,40.80,52.9468,0.3957,0.8672,0.8630,0.2691,,1014,39.40,1,39.50,3,39.55,5,39.80,5,39.90,9,39.10,1,39.05,1,38.75,3,38.70,3,37.35,1,32,36,201,141935,852.12,25.29,3.06,5,853.40
2026-03-17 14:19:35,스냅샷,B0164850,141628,39.40,1,40.86,52.9903,0.3956,0.8672,0.8631,0.2693,,1014,39.40,1,39.50,3,39.55,5,39.80,5,39.90,9,39.05,1,38.75,3,38.70,3,37.35,1,36.50,2,32,35,201,141936,852.23,25.40,3.07,2,853.40
2026-03-17 14:19:36,스냅샷,B0164850,141628,39.40,1,40.77,52.9231,0.3957,0.8672,0.8630,0.2690,,1014,39.30,1,39.40,1,39.50,3,39.55,9,39.80,5,39.00,1,38.95,1,38.75,3,38.70,1,38.30,2,33,36,201,141937,852.06,25.23,3.05,3,853.40
2026-03-17 14:19:37,스냅샷,B0164850,141628,39.40,1,40.83,52.9666,0.3957,0.8672,0.8630,0.2692,,1014,39.30,1,39.40,1,39.50,3,39.55,9,39.80,5,39.00,1,38.95,1,38.75,3,38.70,1,38.30,2,33,36,201,141938,852.17,25.34,3.06,1,853.40
2026-03-17 14:19:38,스냅샷,B0164850,141628,39.40,1,40.83,52.9706,0.3956,0.8672,0.8630,0.2692,,1014,39.30,1,39.40,1,39.50,3,39.55,9,39.80,5,39.00,1,38.95,1,38.75,3,38.70,1,38.30,2,33,36,201,141939,852.18,25.35,3.07,2,853.40
2026-03-17 14:19:39,스냅샷,B0164850,141628,39.40,1,40.81,52.9508,0.3957,0.8672,0.8630,0.2691,,1014,39.30,1,39.40,1,39.50,3,39.55,9,39.80,5,39.00,1,38.95,1,38.75,3,38.70,1,38.30,2,33,36,201,141940,852.13,25.30,3.06,2,853.40
2026-03-17 14:19:40,스냅샷,B0164850,141628,39.40,1,40.73,52.8954,0.3958,0.8671,0.8629,0.2688,,1014,39.30,1,39.40,1,39.50,3,39.55,9,39.80,5,39.00,1,38.95,1,38.75,3,38.70,1,38.30,2,33,36,201,141941,851.99,25.16,3.04,2,853.40
2026-03-17 14:19:41,스냅샷,B0164850,141628,39.40,1,40.84,52.9745,0.3956,0.8672,0.8630,0.2693,,1014,39.30,1,39.40,1,39.50,3,39.55,9,39.80,5,39.05,1,39.00,1,38.75,5,38.70,1,37.35,1,33,36,201,141942,852.19,25.36,3.07,2,853.40
2026-03-17 14:19:42,스냅샷,B0164850,141628,39.40,1,40.66,52.8439,0.3959,0.8671,0.8628,0.2685,,1014,39.30,1,39.40,1,39.50,3,39.55,9,39.80,5,39.00,1,38.75,3,38.70,1,38.55,2,37.35,1,33,35,201,141943,851.86,25.03,3.03,0,853.40
2026-03-17 14:19:43,스냅샷,B0164850,141628,39.40,1,40.86,52.9903,0.3956,0.8672,0.8631,0.2693,,1014,39.30,1,39.40,1,39.50,3,39.55,9,39.80,5,39.00,1,38.75,3,38.70,1,38.55,2,37.35,1,33,35,201,141944,852.23,25.40,3.07,6,853.40
2026-03-17 14:19:44,스냅샷,B0164850,141628,39.40,1,40.84,52.9785,0.3956,0.8672,0.8630,0.2693,,1014,39.30,1,39.40,1,39.50,3,39.55,9,39.80,5,39.00,1,38.75,3,38.70,1,38.55,2,37.35,1,33,35,201,141945,852.20,25.37,3.07,2,853.40
2026-03-17 14:19:45,스냅샷,B0164850,141628,39.40,1,40.86,52.9943,0.3956,0.8672,0.8631,0.2694,,1014,39.30,1,39.40,1,39.50,3,39.55,9,39.80,5,39.00,1,38.75,3,38.70,1,38.55,2,37.35,1,33,35,201,141946,852.24,25.41,3.07,2,853.40
2026-03-17 14:19:46,스냅샷,B0164850,141628,39.40,1,40.77,52.9231,0.3957,0.8672,0.8630,0.2690,,1014,39.25,1,39.30,1,39.50,3,39.55,9,39.80,5,39.00,1,38.75,3,38.70,1,38.55,2,37.35,1,33,35,201,141947,852.06,25.23,3.05,2,853.40
2026-03-17 14:19:47,스냅샷,B0164850,141628,39.40,1,40.79,52.9350,0.3957,0.8672,0.8630,0.2690,,1014,39.25,1,39.30,1,39.50,3,39.55,9,39.80,5,39.00,1,38.75,3,38.70,1,38.55,2,37.35,1,33,35,201,141948,852.09,25.26,3.06,1,853.40
2026-03-17 14:19:48,스냅샷,B0164850,141628,39.40,1,40.86,52.9903,0.3956,0.8672,0.8631,0.2693,,1014,39.25,1,39.30,1,39.50,3,39.55,9,39.80,5,38.95,1,38.75,3,38.70,1,38.55,2,37.35,1,33,35,201,141949,852.23,25.40,3.07,6,853.40
2026-03-17 14:19:49,스냅샷,B0164850,141628,39.40,1,40.85,52.9864,0.3956,0.8672,0.8631,0.2693,,1014,39.25,1,39.30,1,39.50,3,39.55,9,39.80,5,38.95,1,38.75,3,38.70,1,38.55,2,37.35,1,33,35,201,141950,852.22,25.39,3.07,1,853.40
2026-03-17 14:19:50,스냅샷,B0164850,141628,39.40,1,40.85,52.9864,0.3956,0.8672,0.8631,0.2693,,1014,39.25,1,39.30,1,39.50,3,39.55,9,39.80,5,39.00,1,38.95,1,38.75,3,38.70,1,38.55,2,33,36,201,141951,852.22,25.39,3.07,2,853.40
2026-03-17 14:19:51,스냅샷,B0164850,141628,39.40,1,40.77,52.9231,0.3957,0.8672,0.8630,0.2690,,1014,39.25,1,39.30,1,39.50,3,39.55,9,39.80,5,39.00,1,38.95,1,38.75,3,38.70,1,38.55,2,33,36,201,141952,852.06,25.23,3.05,2,853.40
2026-03-17 14:19:52,스냅샷,B0164850,141628,39.40,1,40.77,52.9231,0.3957,0.8672,0.8630,0.2690,,1014,39.25,1,39.30,1,39.50,3,39.55,9,39.80,5,38.95,1,38.75,3,38.70,1,38.55,2,37.35,1,33,35,201,141953,852.06,25.23,3.05,2,853.40
2026-03-17 14:19:53,스냅샷,B0164850,141628,39.40,1,40.85,52.9864,0.3956,0.8672,0.8631,0.2693,,1014,39.25,1,39.30,1,39.50,3,39.55,9,39.80,5,38.95,1,38.75,3,38.70,1,38.55,2,37.35,1,33,35,201,141954,852.22,25.39,3.07,4,853.40
2026-03-17 14:19:54,스냅샷,B0164850,141628,39.40,1,40.80,52.9429,0.3957,0.8672,0.8630,0.2691,,1014,39.25,1,39.30,1,39.50,3,39.55,9,39.80,5,38.95,1,38.75,3,38.70,1,38.55,2,37.35,1,33,35,201,141955,852.11,25.28,3.06,3,853.40
2026-03-17 14:19:55,스냅샷,B0164850,141628,39.40,1,40.78,52.9310,0.3957,0.8672,0.8630,0.2690,,1014,39.25,1,39.30,1,39.50,3,39.55,9,39.80,5,38.95,1,38.75,3,38.70,1,38.55,2,37.35,1,33,35,201,141956,852.08,25.25,3.05,3,853.40
2026-03-17 14:19:56,스냅샷,B0164850,141628,39.40,1,40.79,52.9389,0.3957,0.8672,0.8630,0.2691,,1014,39.20,1,39.25,1,39.50,3,39.55,9,39.80,5,38.95,1,38.75,3,38.70,1,38.55,2,37.35,1,33,35,201,141957,852.10,25.27,3.06,2,853.40
2026-03-17 14:19:57,스냅샷,B0164850,141628,39.40,1,40.86,52.9943,0.3956,0.8672,0.8631,0.2694,,1014,39.20,1,39.25,1,39.50,3,39.55,9,39.80,5,38.95,1,38.75,3,38.70,1,38.55,2,37.35,1,33,35,201,141958,852.24,25.41,3.07,2,853.40
2026-03-17 14:19:58,스냅샷,B0164850,141628,39.40,1,40.75,52.9073,0.3958,0.8671,0.8629,0.2689,,1014,39.20,1,39.25,1,39.50,3,39.55,9,39.80,5,38.95,1,38.75,3,38.70,1,38.55,2,37.35,1,33,35,201,141959,852.02,25.19,3.05,3,853.40
2026-03-17 14:19:59,스냅샷,B0164850,141628,39.40,1,40.76,52.9191,0.3957,0.8671,0.8629,0.2689,,1014,39.20,1,39.25,1,39.50,3,39.55,9,39.80,5,38.95,1,38.75,3,38.70,1,38.55,2,37.35,1,33,35,201,142000,852.05,25.22,3.05,3,853.40
2026-03-17 14:20:00,스냅샷,B0164850,141628,39.40,1,40.82,52.9627,0.3957,0.8672,0.8630,0.2692,,1014,39.15,1,39.20,1,39.50,3,39.55,9,39.80,5,38.75,3,38.70,1,38.55,2,37.35,1,36.50,2,33,34,201,142001,852.16,25.33,3.06,5,853.40
2026-03-17 14:20:01,스냅샷,B0164850,141628,39.40,1,40.69,52.8637,0.3958,0.8671,0.8629,0.2686,,1014,39.10,1,39.15,1,39.50,3,39.55,9,39.80,5,38.80,1,38.75,3,38.70,1,38.55,2,37.35,1,33,35,201,142002,851.91,25.08,3.03,5,853.40
2026-03-17 14:20:02,스냅샷,B0164850,141628,39.40,1,40.61,52.8043,0.3960,0.8670,0.8628,0.2683,,1014,39.10,1,39.15,1,39.50,3,39.55,9,39.80,5,38.80,1,38.75,3,38.70,1,38.55,2,37.35,1,33,35,201,142003,851.76,24.93,3.02,3,853.40
2026-03-17 14:20:03,스냅샷,B0164850,141628,39.40,1,40.72,52.8835,0.3958,0.8671,0.8629,0.2687,,1014,39.10,1,39.15,1,39.50,3,39.55,9,39.80,5,38.80,1,38.75,3,38.70,1,38.55,2,37.35,1,33,35,201,142004,851.96,25.13,3.04,1,853.40
2026-03-17 14:20:04,스냅샷,B0164850,141628,39.40,1,40.72,52.8875,0.3958,0.8671,0.8629,0.2688,,1014,39.10,1,39.15,1,39.50,3,39.55,9,39.80,5,38.80,1,38.75,3,38.70,1,38.55,2,37.35,1,33,35,201,142005,851.97,25.14,3.04,2,853.40
2026-03-17 14:20:05,스냅샷,B0164850,141628,39.40,1,40.68,52.8598,0.3959,0.8671,0.8629,0.2686,,1014,39.00,1,39.05,1,39.50,3,39.55,9,39.80,5,38.75,1,38.70,2,38.30,2,37.35,1,36.50,2,33,33,201,142006,851.90,25.07,3.03,3,853.40
2026-03-17 14:20:06,스냅샷,B0164850,141628,39.40,1,40.68,52.8598,0.3959,0.8671,0.8629,0.2686,,1014,39.05,1,39.50,3,39.55,9,39.80,5,39.90,5,38.75,1,38.70,2,38.30,2,37.35,1,36.50,2,32,33,201,142007,851.90,25.07,3.03,2,853.40
2026-03-17 14:20:08,스냅샷,B0164850,141628,39.40,1,40.76,52.9152,0.3958,0.8671,0.8629,0.2689,,1014,39.10,1,39.15,1,39.50,3,39.55,9,39.80,5,38.80,1,38.75,1,38.70,1,38.30,2,37.35,1,33,33,201,142008,852.04,25.21,3.05,3,853.40
2026-03-17 14:20:09,스냅샷,B0164850,141628,39.40,1,40.65,52.8320,0.3959,0.8671,0.8628,0.2685,,1014,39.10,1,39.15,1,39.50,3,39.55,9,39.80,5,38.80,1,38.75,1,38.70,1,38.30,2,37.35,1,33,33,201,142009,851.83,25.00,3.02,3,853.40
2026-03-17 14:20:10,스냅샷,B0164850,141628,39.40,1,40.64,52.8241,0.3959,0.8671,0.8628,0.2684,,1014,39.05,1,39.10,1,39.50,3,39.55,9,39.80,5,38.75,1,38.70,1,38.30,2,37.35,1,36.50,2,33,32,201,142010,851.81,24.98,3.02,6,853.40
2026-03-17 14:20:11,스냅샷,B0164850,141628,39.40,1,40.58,52.7845,0.3960,0.8670,0.8627,0.2682,,1014,39.05,1,39.10,1,39.50,3,39.55,9,39.80,5,38.75,1,38.70,1,38.30,2,37.35,1,36.50,2,33,32,201,142011,851.71,24.88,3.01,5,853.40
2026-03-17 14:20:12,스냅샷,B0164850,141628,39.40,1,40.71,52.8756,0.3958,0.8671,0.8629,0.2687,,1014,39.05,1,39.10,1,39.50,3,39.55,9,39.80,5,38.75,1,38.70,1,38.30,2,37.35,1,36.50,2,33,32,201,142012,851.94,25.11,3.04,4,853.40
2026-03-17 14:20:13,스냅샷,B0164850,141628,39.40,1,40.65,52.8360,0.3959,0.8671,0.8628,0.2685,,1014,38.95,1,39.00,1,39.50,3,39.55,9,39.80,5,38.70,1,37.35,1,36.50,2,36.20,1,36.00,1,33,29,201,142013,851.84,25.01,3.02,9,853.40
2026-03-17 14:20:14,스냅샷,B0164850,141628,39.40,1,40.63,52.8202,0.3959,0.8670,0.8628,0.2684,,1014,38.95,1,39.00,1,39.50,3,39.55,9,39.80,5,38.70,2,37.35,1,36.50,2,36.20,1,36.00,1,33,30,201,142014,851.80,24.97,3.02,8,853.40
2026-03-17 14:20:15,스냅샷,B0164850,141628,39.40,1,40.65,52.8360,0.3959,0.8671,0.8628,0.2685,,1014,38.95,1,39.00,1,39.50,3,39.55,9,39.80,5,38.70,2,37.35,1,36.50,2,36.20,1,36.00,1,33,30,201,142015,851.84,25.01,3.02,4,853.40
2026-03-17 14:20:16,스냅샷,B0164850,141628,39.40,1,40.65,52.8360,0.3959,0.8671,0.8628,0.2685,,1014,38.95,1,39.00,1,39.50,3,39.55,9,39.80,5,38.70,2,37.35,1,36.50,2,36.20,1,36.00,1,33,30,201,142016,851.84,25.01,3.02,3,853.40
2026-03-17 14:20:17,스냅샷,B0164850,141628,39.40,1,40.58,52.7845,0.3960,0.8670,0.8627,0.2682,,1014,39.05,1,39.50,3,39.55,5,39.80,5,39.90,9,38.75,1,38.70,2,38.30,2,37.35,1,36.50,2,32,33,201,142017,851.71,24.88,3.01,1,853.40
2026-03-17 14:20:18,스냅샷,B0164850,141628,39.40,1,40.56,52.7647,0.3960,0.8670,0.8627,0.2681,,1014,39.05,1,39.50,3,39.55,5,39.80,5,39.90,9,38.80,1,38.75,1,38.70,1,38.30,2,37.35,1,32,33,201,142018,851.66,24.83,3.00,5,853.40
2026-03-17 14:20:19,스냅샷,B0164850,141628,39.40,1,40.64,52.8281,0.3959,0.8671,0.8628,0.2684,,1014,39.05,1,39.50,3,39.55,5,39.80,5,39.90,9,38.75,1,38.70,1,38.30,2,37.35,1,36.50,2,32,32,201,142019,851.82,24.99,3.02,2,853.40
2026-03-17 14:20:20,스냅샷,B0164850,141628,39.40,1,40.65,52.8360,0.3959,0.8671,0.8628,0.2685,,1014,39.00,1,39.05,1,39.45,4,39.50,3,39.55,5,38.70,2,37.35,1,36.50,2,36.20,1,36.00,1,33,30,201,142020,851.84,25.01,3.02,6,853.40
2026-03-17 14:20:21,스냅샷,B0164850,141628,39.40,1,40.62,52.8122,0.3959,0.8670,0.8628,0.2683,,1014,39.00,1,39.05,1,39.20,5,39.45,4,39.50,3,38.75,1,38.70,2,38.30,2,37.35,1,36.50,2,33,33,201,142021,851.78,24.95,3.02,4,853.40
2026-03-17 14:20:22,스냅샷,B0164850,141628,39.40,1,40.65,52.8360,0.3959,0.8671,0.8628,0.2685,,1014,39.05,1,39.20,5,39.45,4,39.50,3,39.55,5,38.75,1,38.70,2,38.30,2,37.35,1,36.50,2,32,33,201,142022,851.84,25.01,3.02,4,853.40
2026-03-17 14:20:23,스냅샷,B0164850,141628,39.40,1,40.73,52.8914,0.3958,0.8671,0.8629,0.2688,,1014,39.05,1,39.20,5,39.45,4,39.50,3,39.55,5,38.75,1,38.70,2,38.30,2,37.35,1,36.50,2,32,33,201,142023,851.98,25.15,3.04,4,853.40
2026-03-17 14:20:24,스냅샷,B0164850,141628,39.40,1,40.66,52.8439,0.3959,0.8671,0.8628,0.2685,,1014,39.05,1,39.20,5,39.45,4,39.50,3,39.55,5,38.75,1,38.70,2,38.30,2,37.35,1,36.50,2,32,33,201,142024,851.86,25.03,3.03,3,853.40
2026-03-17 14:20:25,스냅샷,B0164850,141628,39.40,1,40.57,52.7766,0.3960,0.8670,0.8627,0.2681,,1014,39.05,1,39.20,5,39.45,4,39.50,3,39.55,5,38.80,1,38.75,1,38.70,1,38.30,2,37.35,1,32,33,201,142025,851.69,24.86,3.01,3,853.40
2026-03-17 14:20:26,스냅샷,B0164850,141628,39.40,1,40.72,52.8875,0.3958,0.8671,0.8629,0.2688,,1014,39.05,1,39.20,5,39.45,4,39.50,3,39.55,5,38.75,1,38.70,1,38.30,2,37.35,1,36.50,2,32,32,201,142026,851.97,25.14,3.04,2,853.40
2026-03-17 14:20:27,스냅샷,B0164850,141628,39.40,1,40.70,52.8677,0.3958,0.8671,0.8629,0.2687,,1014,39.05,1,39.20,5,39.45,4,39.50,3,39.55,5,38.75,1,38.70,1,38.30,2,37.35,1,36.50,2,32,32,201,142027,851.92,25.09,3.03,2,853.40
2026-03-17 14:20:28,스냅샷,B0164850,141628,39.40,1,40.67,52.8518,0.3959,0.8671,0.8628,0.2686,,1014,39.05,1,39.20,5,39.45,4,39.50,3,39.55,5,38.80,1,38.75,1,38.70,1,38.30,2,37.35,1,32,33,201,142028,851.88,25.05,3.03,2,853.40
2026-03-17 14:20:29,스냅샷,B0164850,141628,39.40,1,40.68,52.8598,0.3959,0.8671,0.8629,0.2686,,1014,39.05,1,39.20,5,39.45,4,39.50,3,39.55,5,38.80,1,38.75,1,38.70,1,38.30,2,37.35,1,32,33,201,142029,851.90,25.07,3.03,2,853.40
2026-03-17 14:20:30,스냅샷,B0164850,141628,39.40,1,40.75,52.9112,0.3958,0.8671,0.8629,0.2689,,1014,39.05,1,39.20,5,39.45,4,39.50,3,39.55,5,38.80,1,38.75,1,38.70,1,38.30,2,37.35,1,32,33,201,142030,852.03,25.20,3.05,5,853.40
2026-03-17 14:20:31,스냅샷,B0164850,141628,39.40,1,40.74,52.9033,0.3958,0.8671,0.8629,0.2689,,1014,39.05,1,39.20,5,39.45,4,39.50,3,39.55,5,38.80,1,38.75,1,38.70,1,38.30,2,37.35,1,32,33,201,142031,852.01,25.18,3.05,3,853.40
2026-03-17 14:20:32,스냅샷,B0164850,141628,39.40,1,40.75,52.9073,0.3958,0.8671,0.8629,0.2689,,1014,39.05,1,39.20,5,39.45,4,39.50,3,39.55,5,38.75,1,38.70,1,38.30,2,37.35,1,36.50,2,32,32,201,142032,852.02,25.19,3.05,3,853.40
2026-03-17 14:20:33,스냅샷,B0164850,141628,39.40,1,40.73,52.8954,0.3958,0.8671,0.8629,0.2688,,1014,39.05,1,39.20,5,39.45,4,39.50,3,39.55,5,38.75,1,38.70,1,38.30,2,37.35,1,36.50,2,32,32,201,142033,851.99,25.16,3.04,7,853.40
2026-03-17 14:20:34,스냅샷,B0164850,141628,39.40,1,40.64,52.8281,0.3959,0.8671,0.8628,0.2684,,1014,39.05,1,39.20,5,39.45,4,39.50,3,39.55,5,38.75,1,38.70,1,38.30,2,37.35,1,36.50,2,32,32,201,142034,851.82,24.99,3.02,5,853.40
2026-03-17 14:20:35,스냅샷,B0164850,141628,39.40,1,40.75,52.9112,0.3958,0.8671,0.8629,0.2689,,1014,39.05,1,39.20,5,39.45,4,39.50,3,39.55,5,38.75,1,38.70,1,38.30,2,37.35,1,36.50,2,32,32,201,142035,852.03,25.20,3.05,5,853.40
2026-03-17 14:20:36,스냅샷,B0164850,141628,39.40,1,40.74,52.8993,0.3958,0.8671,0.8629,0.2688,,1014,39.05,1,39.20,5,39.45,4,39.50,3,39.55,5,38.80,1,38.75,1,38.70,1,38.30,2,37.35,1,32,33,201,142036,852.00,25.17,3.04,7,853.40
2026-03-17 14:20:37,스냅샷,B0164850,141628,39.40,1,40.64,52.8281,0.3959,0.8671,0.8628,0.2684,,1014,39.05,1,39.20,5,39.45,4,39.50,3,39.55,5,38.80,1,38.75,1,38.70,1,38.30,2,37.35,1,32,33,201,142037,851.82,24.99,3.02,2,853.40
2026-03-17 14:20:38,스냅샷,B0164850,141628,39.40,1,40.64,52.8281,0.3959,0.8671,0.8628,0.2684,,1014,39.05,1,39.20,5,39.45,4,39.50,3,39.55,5,38.80,1,38.75,1,38.70,1,38.30,2,37.35,1,32,33,201,142038,851.82,24.99,3.02,2,853.40
2026-03-17 14:20:39,스냅샷,B0164850,141628,39.40,1,40.56,52.7687,0.3960,0.8670,0.8627,0.2681,,1014,39.05,1,39.20,5,39.45,4,39.50,3,39.55,5,38.80,1,38.75,1,38.70,1,38.30,2,37.35,1,32,33,201,142039,851.67,24.84,3.00,4,853.40
2026-03-17 14:20:40,스냅샷,B0164850,141628,39.40,1,40.65,52.8360,0.3959,0.8671,0.8628,0.2685,,1014,39.05,1,39.20,5,39.45,4,39.50,3,39.55,5,38.80,1,38.75,1,38.70,1,38.30,2,37.35,1,32,33,201,142040,851.84,25.01,3.02,1,853.40
2026-03-17 14:20:41,스냅샷,B0164850,141628,39.40,1,40.73,52.8914,0.3958,0.8671,0.8629,0.2688,,1014,39.20,5,39.50,3,39.55,9,39.80,5,40.10,2,38.90,1,38.70,1,38.30,2,37.35,1,36.50,2,31,32,201,142041,851.98,25.15,3.04,2,853.40
2026-03-17 14:20:42,스냅샷,B0164850,141628,39.40,1,40.76,52.9191,0.3957,0.8671,0.8629,0.2689,,1014,39.20,5,39.50,3,39.55,9,39.80,5,40.10,2,38.95,1,38.90,1,38.70,1,38.30,2,37.35,1,31,33,201,142042,852.05,25.22,3.05,4,853.40
2026-03-17 14:20:43,스냅샷,B0164850,141628,39.40,1,40.80,52.9429,0.3957,0.8672,0.8630,0.2691,,1014,39.20,5,39.50,3,39.55,9,39.80,5,40.10,2,38.95,1,38.90,1,38.70,1,38.30,2,37.35,1,31,33,201,142043,852.11,25.28,3.06,3,853.40
2026-03-17 14:20:44,스냅샷,B0164850,141628,39.40,1,40.80,52.9468,0.3957,0.8672,0.8630,0.2691,,1014,39.20,5,39.50,3,39.55,9,39.80,5,40.10,2,39.00,1,38.95,1,38.70,1,38.30,2,37.35,1,31,33,201,142044,852.12,25.29,3.06,1,853.40
2026-03-17 14:20:45,스냅샷,B0164850,141628,39.40,1,40.82,52.9587,0.3957,0.8672,0.8630,0.2692,,1014,39.20,5,39.50,3,39.55,9,39.80,5,40.10,2,38.95,1,38.70,1,38.30,2,37.35,1,36.50,2,31,32,201,142045,852.15,25.32,3.06,2,853.40
2026-03-17 14:20:46,스냅샷,B0164850,141628,39.40,1,40.80,52.9429,0.3957,0.8672,0.8630,0.2691,,1014,39.20,5,39.50,3,39.55,9,39.80,5,40.10,2,38.95,1,38.70,1,38.30,2,37.35,1,36.50,2,31,32,201,142046,852.11,25.28,3.06,2,853.40
2026-03-17 14:20:47,스냅샷,B0164850,141628,39.40,1,40.72,52.8835,0.3958,0.8671,0.8629,0.2687,,1014,39.20,5,39.50,3,39.55,9,39.80,5,40.10,2,38.95,1,38.70,1,38.30,2,37.35,1,36.50,2,31,32,201,142047,851.96,25.13,3.04,2,853.40
2026-03-17 14:20:48,스냅샷,B0164850,141628,39.40,1,40.77,52.9231,0.3957,0.8672,0.8630,0.2690,,1014,39.20,5,39.50,3,39.55,9,39.80,5,40.10,2,39.05,1,38.95,1,38.70,1,38.30,2,37.35,1,31,33,201,142048,852.06,25.23,3.05,4,853.40
2026-03-17 14:20:49,스냅샷,B0164850,141628,39.40,1,40.72,52.8835,0.3958,0.8671,0.8629,0.2687,,1014,39.20,5,39.50,3,39.55,9,39.80,5,40.10,2,39.05,2,38.95,1,38.70,1,38.30,2,37.35,1,31,34,201,142049,851.96,25.13,3.04,2,853.40
2026-03-17 14:20:50,스냅샷,B0164850,141628,39.40,1,40.84,52.9785,0.3956,0.8672,0.8630,0.2693,,1014,39.20,5,39.50,3,39.55,9,39.80,5,40.10,2,39.05,2,38.95,1,38.70,1,38.30,2,37.35,1,31,34,201,142050,852.20,25.37,3.07,4,853.40
2026-03-17 14:20:51,스냅샷,B0164850,142051,39.20,1,40.83,52.9666,0.3957,0.8672,0.8630,0.2692,,1014,39.20,4,39.50,3,39.55,9,39.80,5,40.10,2,39.10,2,39.05,1,38.70,1,38.30,2,37.35,1,30,34,201,142051,852.17,25.34,3.06,2,853.40
2026-03-17 14:20:52,스냅샷,B0164850,142052,39.20,3,40.84,52.9745,0.3956,0.8672,0.8630,0.2693,,1014,39.40,1,39.50,3,39.55,5,39.80,5,39.95,4,39.15,1,39.10,5,39.05,1,38.70,1,38.65,2,27,38,201,142052,852.19,25.36,3.07,3,853.40
2026-03-17 14:20:53,스냅샷,B0164850,142052,39.20,3,40.82,52.9627,0.3957,0.8672,0.8630,0.2692,,1014,39.40,1,39.50,3,39.55,5,39.80,5,39.95,4,39.15,1,39.10,5,39.05,1,38.70,1,38.65,2,27,38,201,142053,852.16,25.33,3.06,3,853.40
2026-03-17 14:20:54,스냅샷,B0164850,142052,39.20,3,40.81,52.9508,0.3957,0.8672,0.8630,0.2691,,1014,39.40,1,39.50,3,39.55,5,39.80,5,39.95,4,39.15,1,39.10,5,39.05,1,38.70,1,38.65,2,27,38,201,142054,852.13,25.30,3.06,1,853.40
2026-03-17 14:20:55,스냅샷,B0164850,142052,39.20,3,40.95,53.0615,0.3955,0.8673,0.8632,0.2697,,1014,39.40,1,39.50,3,39.55,5,39.80,5,39.95,4,39.15,1,39.10,5,39.05,1,38.70,1,38.65,2,27,38,201,142055,852.41,25.58,3.09,3,853.40
2026-03-17 14:20:56,스냅샷,B0164850,142052,39.20,3,40.85,52.9864,0.3956,0.8672,0.8631,0.2693,,1014,39.40,1,39.50,3,39.55,5,39.80,5,39.95,4,39.15,1,39.10,5,39.05,1,38.70,1,38.65,2,27,38,201,142056,852.22,25.39,3.07,1,853.40
2026-03-17 14:20:57,스냅샷,B0164850,142052,39.20,3,40.91,53.0260,0.3955,0.8673,0.8631,0.2695,,1014,39.40,1,39.50,3,39.55,5,39.80,5,39.95,4,39.15,1,39.10,5,39.05,1,38.70,1,38.65,2,27,38,201,142057,852.32,25.49,3.08,2,853.40
2026-03-17 14:20:58,스냅샷,B0164850,142052,39.20,3,40.79,52.9350,0.3957,0.8672,0.8630,0.2690,,1014,39.40,1,39.50,3,39.55,5,39.80,5,39.95,4,39.15,1,39.10,5,39.05,1,38.70,1,38.65,2,27,38,201,142058,852.09,25.26,3.06,2,853.40
2026-03-17 14:20:59,스냅샷,B0164850,142052,39.20,3,40.81,52.9508,0.3957,0.8672,0.8630,0.2691,,1014,39.40,1,39.50,3,39.55,5,39.80,5,39.95,4,39.15,1,39.10,5,39.05,1,38.70,1,38.65,2,27,38,201,142059,852.13,25.30,3.06,3,853.40
2026-03-17 14:21:00,스냅샷,B0164850,142052,39.20,3,40.93,53.0418,0.3955,0.8673,0.8631,0.2696,,1014,39.35,1,39.40,1,39.50,3,39.55,9,39.80,5,39.15,1,39.10,1,39.05,1,38.70,1,38.65,2,28,34,201,142100,852.36,25.53,3.09,3,853.40
2026-03-17 14:21:01,스냅샷,B0164850,142052,39.20,3,40.85,52.9864,0.3956,0.8672,0.8631,0.2693,,1014,39.40,1,39.50,3,39.55,9,39.80,5,40.10,2,39.15,1,39.10,1,39.05,1,38.70,1,38.65,2,27,34,201,142101,852.22,25.39,3.07,12,853.40
2026-03-17 14:21:02,스냅샷,B0164850,142052,39.20,3,40.91,53.0299,0.3955,0.8673,0.8631,0.2696,,1014,39.40,1,39.50,3,39.55,9,39.80,5,40.10,2,39.15,1,39.10,1,39.05,1,38.70,1,38.65,2,27,34,201,142102,852.33,25.50,3.08,4,853.40
2026-03-17 14:21:03,스냅샷,B0164850,142052,39.20,3,40.84,52.9785,0.3956,0.8672,0.8630,0.2693,,1014,39.40,1,39.50,3,39.55,9,39.80,5,40.10,2,39.15,1,39.10,1,39.05,1,38.70,1,38.65,2,27,34,201,142103,852.20,25.37,3.07,18,853.40
2026-03-17 14:21:04,스냅샷,B0164850,142052,39.20,3,40.83,52.9706,0.3956,0.8672,0.8630,0.2692,,1014,39.40,1,39.50,3,39.55,9,39.80,5,40.10,2,39.15,1,39.10,1,39.05,1,38.70,1,38.65,2,27,34,201,142104,852.18,25.35,3.07,2,853.40
2026-03-17 14:21:05,스냅샷,B0164850,142052,39.20,3,40.93,53.0418,0.3955,0.8673,0.8631,0.2696,,1014,39.35,1,39.40,1,39.50,3,39.55,9,39.80,5,39.15,1,39.10,1,39.05,1,38.70,1,38.65,2,28,34,201,142105,852.36,25.53,3.09,7,853.40
2026-03-17 14:21:06,스냅샷,B0164850,142052,39.20,3,40.88,53.0062,0.3956,0.8672,0.8631,0.2694,,1014,39.35,1,39.40,1,39.50,3,39.55,9,39.80,5,39.15,1,39.10,1,39.05,1,38.70,1,38.65,2,28,34,201,142106,852.27,25.44,3.08,3,853.40
2026-03-17 14:21:07,스냅샷,B0164850,142052,39.20,3,40.91,53.0260,0.3955,0.8673,0.8631,0.2695,,1011,39.35,1,39.40,1,39.50,3,39.55,9,39.80,5,39.15,1,39.10,1,39.05,1,38.70,1,38.65,2,28,34,201,142107,852.32,25.49,3.08,2,853.40
2026-03-17 14:21:08,스냅샷,B0164850,142052,39.20,3,40.94,53.0497,0.3955,0.8673,0.8631,0.2697,,1011,39.35,1,39.40,1,39.50,3,39.55,9,39.80,5,39.15,1,39.10,1,39.05,1,38.70,1,38.65,2,28,34,201,142108,852.38,25.55,3.09,2,853.40
2026-03-17 14:21:09,스냅샷,B0164850,142052,39.20,3,40.82,52.9627,0.3957,0.8672,0.8630,0.2692,,1011,39.35,1,39.40,1,39.50,3,39.55,9,39.80,5,39.15,1,39.10,1,39.05,1,38.70,1,38.65,2,28,34,201,142109,852.16,25.33,3.06,4,853.40
2026-03-17 14:21:10,스냅샷,B0164850,142052,39.20,3,40.92,53.0378,0.3955,0.8673,0.8631,0.2696,,1011,39.35,1,39.40,1,39.50,3,39.55,9,39.80,5,39.15,1,39.10,1,39.05,1,38.70,1,38.65,2,28,34,201,142110,852.35,25.52,3.09,2,853.40
2026-03-17 14:21:11,스냅샷,B0164850,142052,39.20,3,40.81,52.9508,0.3957,0.8672,0.8630,0.2691,,1011,39.35,1,39.40,1,39.50,3,39.55,9,39.80,5,39.15,1,39.05,1,38.70,1,38.65,2,37.35,1,28,33,201,142111,852.13,25.30,3.06,6,853.40
2026-03-17 14:21:12,스냅샷,B0164850,142052,39.20,3,40.83,52.9666,0.3957,0.8672,0.8630,0.2692,,1011,39.35,1,39.40,1,39.50,3,39.55,9,39.80,5,39.15,1,39.05,1,38.70,1,38.65,2,37.35,1,28,33,201,142112,852.17,25.34,3.06,1,853.40
2026-03-17 14:21:13,스냅샷,B0164850,142052,39.20,3,40.74,52.9033,0.3958,0.8671,0.8629,0.2689,,1011,39.35,1,39.40,1,39.50,3,39.55,9,39.80,5,39.15,1,39.05,1,38.70,1,38.65,2,37.35,1,28,33,201,142113,852.01,25.18,3.05,4,853.40
2026-03-17 14:21:14,스냅샷,B0164850,142052,39.20,3,40.82,52.9627,0.3957,0.8672,0.8630,0.2692,,1011,39.35,1,39.40,1,39.50,3,39.55,9,39.80,5,39.15,1,39.05,1,38.70,1,38.65,2,37.35,1,28,33,201,142114,852.16,25.33,3.06,3,853.40
2026-03-17 14:21:15,스냅샷,B0164850,142052,39.20,3,40.93,53.0418,0.3955,0.8673,0.8631,0.2696,,1011,39.35,1,39.40,1,39.50,3,39.55,9,39.80,5,39.15,1,39.05,1,38.70,1,38.65,2,37.35,1,28,33,201,142115,852.36,25.53,3.09,6,853.40
2026-03-17 14:21:16,스냅샷,B0164850,142052,39.20,3,40.84,52.9785,0.3956,0.8672,0.8630,0.2693,,1011,39.40,1,39.50,3,39.55,9,39.80,5,40.10,2,39.15,1,39.05,1,38.70,1,38.65,2,37.35,1,27,33,201,142116,852.20,25.37,3.07,1,853.40
2026-03-17 14:21:17,스냅샷,B0164850,142052,39.20,3,40.92,53.0339,0.3955,0.8673,0.8631,0.2696,,1011,39.50,4,39.55,5,39.80,5,39.95,4,40.10,2,39.20,2,39.15,1,38.70,1,38.65,2,37.35,1,27,34,201,142117,852.34,25.51,3.09,1,853.40
2026-03-17 14:21:18,스냅샷,B0164850,142052,39.20,3,40.83,52.9666,0.3957,0.8672,0.8630,0.2692,,1011,39.50,4,39.55,5,39.80,5,39.95,4,40.10,2,39.20,2,39.15,1,39.00,1,38.65,2,37.35,1,27,34,201,142118,852.17,25.34,3.06,3,853.40
2026-03-17 14:21:19,스냅샷,B0164850,142052,39.20,3,40.80,52.9468,0.3957,0.8672,0.8630,0.2691,,1011,39.45,1,39.50,4,39.55,5,39.80,5,39.95,4,39.25,1,39.20,1,39.15,1,39.00,1,38.65,2,28,34,201,142119,852.12,25.29,3.06,0,853.40
2026-03-17 14:21:20,스냅샷,B0164850,142052,39.20,3,40.72,52.8835,0.3958,0.8671,0.8629,0.2687,,1011,39.45,1,39.50,4,39.55,5,39.80,5,39.95,4,39.25,1,39.15,1,39.00,1,38.65,2,37.35,1,28,33,201,142120,851.96,25.13,3.04,2,853.40
2026-03-17 14:21:21,스냅샷,B0164850,142052,39.20,3,40.84,52.9785,0.3956,0.8672,0.8630,0.2693,,1011,39.45,1,39.50,4,39.55,5,39.80,5,39.95,4,39.25,1,39.15,1,39.00,1,38.65,2,37.35,1,28,33,201,142121,852.20,25.37,3.07,3,853.40
2026-03-17 14:21:22,스냅샷,B0164850,142052,39.20,3,40.93,53.0457,0.3955,0.8673,0.8631,0.2697,,1011,39.45,1,39.50,4,39.55,5,39.80,5,39.95,4,39.25,1,39.15,1,39.00,1,38.65,2,37.35,1,28,33,201,142122,852.37,25.54,3.09,4,853.40
2026-03-17 14:21:23,스냅샷,B0164850,142052,39.20,3,40.84,52.9745,0.3956,0.8672,0.8630,0.2693,,1011,39.45,1,39.50,4,39.55,5,39.80,5,39.95,4,39.25,1,39.15,1,39.00,1,38.65,2,37.35,1,28,33,201,142123,852.19,25.36,3.07,6,853.40
2026-03-17 14:21:24,스냅샷,B0164850,142052,39.20,3,40.83,52.9706,0.3956,0.8672,0.8630,0.2692,,1011,39.45,1,39.50,4,39.55,5,39.80,5,39.95,4,39.25,1,39.15,1,39.00,1,38.65,2,37.35,1,28,33,201,142124,852.18,25.35,3.07,1,853.40
2026-03-17 14:21:25,스냅샷,B0164850,142052,39.20,3,40.89,53.0141,0.3956,0.8672,0.8631,0.2695,,1011,39.45,1,39.50,4,39.55,5,39.80,5,39.95,4,39.25,1,39.15,1,39.00,1,38.65,2,37.35,1,28,33,201,142125,852.29,25.46,3.08,5,853.40
2026-03-17 14:21:26,스냅샷,B0164850,142052,39.20,3,40.97,53.0734,0.3954,0.8673,0.8632,0.2698,,1011,39.45,1,39.50,4,39.55,5,39.80,5,39.95,4,39.25,1,39.15,1,39.00,1,38.65,2,37.35,1,28,33,201,142126,852.44,25.61,3.10,4,853.40
2026-03-17 14:21:27,스냅샷,B0164850,142052,39.20,3,40.97,53.0695,0.3955,0.8673,0.8632,0.2698,,1011,39.45,1,39.50,4,39.55,5,39.80,5,39.95,4,39.25,1,39.15,1,39.00,1,38.65,2,37.35,1,28,33,201,142127,852.43,25.60,3.10,3,853.40
2026-03-17 14:21:28,스냅샷,B0164850,142052,39.20,3,40.76,52.9152,0.3958,0.8671,0.8629,0.2689,,1011,39.45,1,39.50,4,39.55,5,39.80,5,39.95,4,39.25,1,39.15,1,39.00,1,38.65,2,37.35,1,28,33,201,142128,852.04,25.21,3.05,3,853.40
2026-03-17 14:21:29,스냅샷,B0164850,142052,39.20,3,40.92,53.0378,0.3955,0.8673,0.8631,0.2696,,1011,39.40,1,39.45,1,39.50,3,39.55,9,39.80,5,39.25,1,39.15,1,39.00,1,38.65,2,37.35,1,28,33,201,142129,852.35,25.52,3.09,3,853.40
2026-03-17 14:21:30,스냅샷,B0164850,142052,39.20,3,40.94,53.0497,0.3955,0.8673,0.8631,0.2697,,1011,39.40,1,39.45,1,39.50,3,39.55,9,39.80,5,39.25,1,39.15,1,39.00,1,38.65,2,37.35,1,28,33,201,142130,852.38,25.55,3.09,1,853.40
2026-03-17 14:21:31,스냅샷,B0164850,142052,39.20,3,40.85,52.9864,0.3956,0.8672,0.8631,0.2693,,1011,39.40,1,39.45,1,39.50,3,39.55,9,39.80,5,39.25,1,39.15,1,39.00,1,38.65,2,37.35,1,28,33,201,142131,852.22,25.39,3.07,5,853.40
2026-03-17 14:21:32,스냅샷,B0164850,142052,39.20,3,40.91,53.0260,0.3955,0.8673,0.8631,0.2695,,1011,39.40,1,39.45,1,39.50,3,39.55,9,39.80,5,39.25,1,39.15,1,39.00,1,38.65,2,37.35,1,28,33,201,142132,852.32,25.49,3.08,1,853.40
2026-03-17 14:21:33,스냅샷,B0164850,142052,39.20,3,40.86,52.9943,0.3956,0.8672,0.8631,0.2694,,1011,39.40,1,39.45,1,39.50,3,39.55,9,39.80,5,39.25,1,39.15,1,39.00,1,38.65,2,37.35,1,28,33,201,142133,852.24,25.41,3.07,3,853.40
2026-03-17 14:21:34,스냅샷,B0164850,142052,39.20,3,40.96,53.0655,0.3955,0.8673,0.8632,0.2698,,1011,39.40,1,39.45,1,39.50,3,39.55,9,39.80,5,39.25,1,39.15,1,39.00,1,38.65,2,37.35,1,28,33,201,142134,852.42,25.59,3.09,4,853.40
2026-03-17 14:21:35,스냅샷,B0164850,142052,39.20,3,40.82,52.9627,0.3957,0.8672,0.8630,0.2692,,1011,39.45,1,39.50,3,39.55,9,39.80,5,40.10,2,39.25,1,39.15,1,39.00,1,38.65,2,37.35,1,27,33,201,142135,852.16,25.33,3.06,5,853.40
2026-03-17 14:21:36,스냅샷,B0164850,142052,39.20,3,40.89,53.0141,0.3956,0.8672,0.8631,0.2695,,1011,39.45,1,39.50,3,39.55,9,39.80,5,40.10,2,39.25,1,39.15,1,39.00,1,38.65,2,37.35,1,27,33,201,142136,852.29,25.46,3.08,4,853.40
2026-03-17 14:21:37,스냅샷,B0164850,142052,39.20,3,40.94,53.0497,0.3955,0.8673,0.8631,0.2697,,1011,39.45,1,39.50,3,39.55,9,39.80,5,40.10,2,39.25,1,39.15,1,39.00,1,38.65,2,37.35,1,27,33,201,142137,852.38,25.55,3.09,4,853.40
2026-03-17 14:21:38,스냅샷,B0164850,142052,39.20,3,40.79,52.9389,0.3957,0.8672,0.8630,0.2691,,1011,39.40,1,39.45,1,39.50,3,39.55,9,39.80,5,39.25,1,39.15,1,39.00,1,38.65,2,37.35,1,28,33,201,142138,852.10,25.27,3.06,2,853.40
2026-03-17 14:21:39,스냅샷,B0164850,142052,39.20,3,40.85,52.9864,0.3956,0.8672,0.8631,0.2693,,1011,39.40,1,39.45,1,39.50,3,39.55,9,39.80,5,39.25,1,39.15,1,39.00,1,38.65,2,37.35,1,28,33,201,142139,852.22,25.39,3.07,4,853.40
2026-03-17 14:21:40,스냅샷,B0164850,142052,39.20,3,40.93,53.0457,0.3955,0.8673,0.8631,0.2697,,1011,39.45,1,39.50,3,39.55,9,39.80,5,40.10,2,39.25,1,39.15,1,39.00,1,38.65,2,37.35,1,27,33,201,142140,852.37,25.54,3.09,2,853.40
2026-03-17 14:21:41,스냅샷,B0164850,142052,39.20,3,40.85,52.9824,0.3956,0.8672,0.8630,0.2693,,1011,39.45,1,39.50,3,39.55,9,39.80,5,40.10,2,39.25,1,39.15,1,39.00,1,38.65,2,37.35,1,27,33,201,142141,852.21,25.38,3.07,1,853.40
2026-03-17 14:21:42,스냅샷,B0164850,142052,39.20,3,40.77,52.9231,0.3957,0.8672,0.8630,0.2690,,1011,39.45,1,39.50,3,39.55,9,39.80,5,40.10,2,39.25,1,39.15,1,39.00,1,38.65,2,37.35,1,27,33,201,142142,852.06,25.23,3.05,4,853.40
2026-03-17 14:21:43,스냅샷,B0164850,142052,39.20,3,40.90,53.0180,0.3956,0.8672,0.8631,0.2695,,1011,39.45,1,39.50,3,39.55,9,39.80,5,40.10,2,39.25,1,39.15,1,39.00,1,38.65,2,37.35,1,27,33,201,142143,852.30,25.47,3.08,2,853.40
2026-03-17 14:21:44,스냅샷,B0164850,142052,39.20,3,40.86,52.9943,0.3956,0.8672,0.8631,0.2694,,1011,39.45,1,39.50,3,39.55,9,39.80,5,40.10,2,39.25,1,39.15,1,39.00,1,38.65,2,37.35,1,27,33,201,142144,852.24,25.41,3.07,7,853.40
2026-03-17 14:21:45,스냅샷,B0164850,142052,39.20,3,40.96,53.0655,0.3955,0.8673,0.8632,0.2698,,1011,39.45,1,39.50,3,39.55,9,39.80,5,40.10,2,39.25,1,39.15,1,39.00,1,38.65,2,37.35,1,27,33,201,142145,852.42,25.59,3.09,2,853.40
2026-03-17 14:21:46,스냅샷,B0164850,142052,39.20,3,40.89,53.0141,0.3956,0.8672,0.8631,0.2695,,1011,39.45,1,39.50,3,39.55,9,39.80,5,40.10,2,39.25,1,39.15,1,39.00,1,38.65,2,37.35,1,27,33,201,142146,852.29,25.46,3.08,6,853.40
2026-03-17 14:21:47,스냅샷,B0164850,142052,39.20,3,40.89,53.0141,0.3956,0.8672,0.8631,0.2695,,1011,39.45,1,39.50,3,39.55,9,39.80,5,40.10,2,39.25,1,39.15,1,39.00,1,38.65,2,37.35,1,27,33,201,142147,852.29,25.46,3.08,3,853.40
2026-03-17 14:21:48,스냅샷,B0164850,142052,39.20,3,40.84,52.9745,0.3956,0.8672,0.8630,0.2693,,1011,39.45,1,39.50,3,39.55,9,39.80,5,40.10,2,39.25,1,39.15,1,39.00,1,38.65,2,37.35,1,27,33,201,142148,852.19,25.36,3.07,2,853.40
2026-03-17 14:21:49,스냅샷,B0164850,142052,39.20,3,40.94,53.0497,0.3955,0.8673,0.8631,0.2697,,1011,39.45,6,39.50,3,39.55,9,40.10,2,41.30,1,39.25,1,39.15,1,39.00,1,38.65,2,37.35,1,27,33,201,142149,852.38,25.55,3.09,2,853.40
2026-03-17 14:21:50,스냅샷,B0164850,142052,39.20,3,40.95,53.0576,0.3955,0.8673,0.8632,0.2697,,1011,39.45,6,39.50,3,39.55,9,40.10,2,41.30,1,39.25,1,39.15,1,39.00,1,38.65,2,37.35,1,27,33,201,142150,852.40,25.57,3.09,2,853.40
2026-03-17 14:21:51,스냅샷,B0164850,142052,39.20,3,40.86,52.9903,0.3956,0.8672,0.8631,0.2693,,1011,39.45,6,39.50,3,39.55,9,40.10,2,41.30,1,39.25,1,39.15,1,39.00,1,38.65,2,37.35,1,27,33,201,142151,852.23,25.40,3.07,2,853.40
2026-03-17 14:21:52,스냅샷,B0164850,142052,39.20,3,40.93,53.0457,0.3955,0.8673,0.8631,0.2697,,1011,39.45,6,39.50,3,39.55,9,40.10,2,41.30,1,39.25,1,39.15,1,39.00,1,38.65,2,37.35,1,27,33,201,142152,852.37,25.54,3.09,5,853.40
2026-03-17 14:21:53,스냅샷,B0164850,142052,39.20,3,40.82,52.9627,0.3957,0.8672,0.8630,0.2692,,1011,39.45,6,39.50,3,39.55,9,40.10,2,41.30,1,39.25,1,39.15,1,39.00,1,38.65,2,37.35,1,27,33,201,142153,852.16,25.33,3.06,3,853.40
2026-03-17 14:21:54,스냅샷,B0164850,142154,39.45,1,40.84,52.9745,0.3956,0.8672,0.8630,0.2693,,1011,39.45,3,39.55,5,39.90,4,40.10,2,41.30,1,39.30,2,39.25,1,39.00,1,38.65,2,37.35,1,21,34,201,142153,852.16,25.33,3.06,3,853.40
2026-03-17 14:21:55,스냅샷,B0164850,142155,39.45,1,40.92,53.0339,0.3955,0.8673,0.8631,0.2696,,1011,39.45,1,39.55,5,39.90,4,40.10,2,41.30,1,39.35,1,39.30,1,39.25,1,39.00,1,38.65,2,19,34,201,142155,852.34,25.51,3.09,4,853.40
2026-03-17 14:21:56,스냅샷,B0164850,142156,39.45,1,40.90,53.0220,0.3955,0.8672,0.8631,0.2695,,1011,39.55,5,40.10,2,41.30,1,41.50,1,42.65,1,39.35,2,39.30,1,39.00,1,38.65,2,37.35,1,14,34,201,142156,852.31,25.48,3.08,2,853.40
2026-03-17 14:21:57,스냅샷,B0164850,142156,39.45,1,41.01,53.1050,0.3954,0.8673,0.8632,0.2700,,1011,39.55,5,40.10,2,41.30,1,41.50,1,42.65,1,39.35,2,39.30,1,39.00,1,38.65,2,37.35,1,14,34,201,142157,852.52,25.69,3.11,2,853.40
2026-03-17 14:21:58,스냅샷,B0164850,142156,39.45,1,40.85,52.9864,0.3956,0.8672,0.8631,0.2693,,1011,39.55,5,40.10,2,41.30,1,41.50,1,42.65,1,39.35,2,39.30,1,39.00,1,38.65,2,37.35,1,14,34,201,142158,852.22,25.39,3.07,3,853.40
2026-03-17 14:21:59,스냅샷,B0164850,142159,39.55,1,41.03,53.1209,0.3954,0.8673,0.8633,0.2701,,1011,39.55,4,40.10,2,41.30,1,41.50,1,42.65,1,39.40,2,39.35,1,39.00,1,38.65,2,37.35,1,13,34,201,142159,852.56,25.73,3.11,2,853.40
2026-03-17 14:22:00,스냅샷,B0164850,142200,39.55,1,41.04,53.1248,0.3953,0.8673,0.8633,0.2701,,1011,39.55,3,40.10,2,41.30,1,41.50,1,42.65,1,39.40,2,39.35,1,39.00,1,38.65,2,37.35,1,12,34,201,142200,852.57,25.74,3.11,3,853.40
2026-03-17 14:22:01,스냅샷,B0164850,142201,39.55,1,41.08,53.1564,0.3953,0.8674,0.8633,0.2703,,1011,39.75,1,39.80,1,40.05,3,40.10,2,40.50,4,39.50,2,39.45,1,39.00,1,38.65,2,37.35,1,18,34,201,142201,852.65,25.82,3.12,5,853.40
2026-03-17 14:22:02,스냅샷,B0164850,142201,39.55,1,41.18,53.2315,0.3951,0.8674,0.8634,0.2707,,1011,39.80,1,40.05,3,40.10,2,40.50,4,41.30,1,39.55,1,39.50,1,39.45,1,39.00,1,38.65,2,17,34,201,142202,852.84,26.01,3.15,46,853.40
2026-03-17 14:22:03,스냅샷,B0164850,142201,39.55,1,41.20,53.2434,0.3951,0.8674,0.8634,0.2708,,1011,39.80,1,40.05,3,40.10,2,40.50,4,41.30,1,39.55,1,39.50,1,39.45,1,39.00,1,38.65,2,17,34,201,142203,852.87,26.04,3.15,5,853.40
2026-03-17 14:22:04,스냅샷,B0164850,142201,39.55,1,41.08,53.1564,0.3953,0.8674,0.8633,0.2703,,1011,39.80,1,40.05,3,40.10,2,40.50,4,41.30,1,39.60,1,39.55,1,39.50,1,39.45,2,39.00,1,16,34,201,142204,852.65,25.82,3.12,6,853.40
2026-03-17 14:22:05,스냅샷,B0164850,142201,39.55,1,41.17,53.2197,0.3952,0.8674,0.8634,0.2706,,1011,39.90,1,40.05,3,40.10,2,40.50,4,41.30,1,39.65,1,39.60,1,39.55,1,39.45,2,39.00,1,16,34,201,142205,852.81,25.98,3.14,4,853.40
